unique_ID,IDNO,RNUM,RUN,stimType,mwType,nBack,keyResp,fixStart_offset,stimStart_offset,actual_RT,Probe,MW_onsets,duration,MVPA_weight,Task_PC,Detail_PC,Modality_PC,Emotion_PC
73,1,R3262,R1,MWQ,Focus,1,3,295.930642,297.506794,0.501399,4,291.506794,6,1,-0.55,0.869,0.021,0.278
88,1,R3262,R1,MWQ,Focus,1,2,367.688949,369.365114,0.326493,5,363.365114,6,1,-0.77,1.486,0.173,0.998
103,1,R3262,R1,MWQ,Focus,1,2,439.488858,441.1567,-0.048491,6,435.1567,6,1,-0.777,-0.378,0.688,0.852
154,1,R3262,R2,MWQ,Focus,1,2,7.572199,9.056226,0.051362,1,3.056226,6,1,-0.697,0.264,0.312,0.615
169,1,R3262,R2,MWQ,Focus,1,2,78.996778,80.7146,-0.157218,2,74.7146,6,1,-0.486,0.66,0.84,0.667
369,1,R3262,R3,MWQ,Focus,1,1,278.01835,279.335991,-0.048765,4,273.335991,6,1,-1.714,-0.393,0.028,1.089
384,1,R3262,R3,MWQ,Focus,1,1,349.709842,351.035802,-0.024069,5,345.035802,6,1,-1.4,0.087,-0.491,-0.111
399,1,R3262,R3,MWQ,Focus,1,2,421.409646,422.935705,-0.15745,6,416.935705,6,1,-1.017,-0.56,0.128,1.273
455,1,R3262,R4,MWQ,Focus,1,1,5.120577,6.646299,-0.265526,1,0.646298999999999,6,1,-0.588,0.438,-0.015,0.978
473,1,R3262,R4,MWQ,Focus,1,2,86.035017,87.552806,-0.224029,2,81.552806,6,1,-0.835,0.099,0.147,0.91
488,1,R3262,R4,MWQ,Focus,1,2,157.884971,159.502717,-0.524123,3,153.502717,6,1,-0.847,0.163,0.118,0.755
503,1,R3262,R4,MWQ,Focus,1,1,229.826577,231.552847,-0.665916,4,225.552847,6,1,-0.872,1.225,0.951,-0.02
523,1,R3262,R4,MWQ,Focus,1,1,315.002423,316.6703,-0.741052,5,310.6703,6,1,-1.082,0.234,1.127,0.971
612,2,R3678,R1,MWQ,Focus,1,4,23.216344,24.692136,1.085353,1,18.692136,6,1,0.066,1.427,0.334,1.26
631,2,R3678,R1,MWQ,Focus,1,3,107.199593,108.575566,0.876591,2,102.575566,6,1,0.367,0.805,0.236,-0.007
651,2,R3678,R1,MWQ,Focus,1,4,192.600394,193.917995,0.584627,3,187.917995,6,1,1.577,1.538,-1.369,0.343
830,2,R3678,R2,MWQ,Focus,1,4,301.575764,303.293641,0.693574,4,297.293641,6,1,0.378,-0.261,0.533,-0.188
855,2,R3678,R2,MWQ,Focus,1,3,402.103708,403.67114,1.110493,5,397.67114,6,1,-0.534,-0.06,1.612,-0.784
870,2,R3678,R2,MWQ,Focus,1,4,473.64488,475.270967,1.102315,6,469.270967,6,1,1.026,2.006,-1.433,0.125
911,2,R3678,R3,MWQ,Focus,1,3,14.40195,15.777543,0.343238,1,9.77754299999999,6,1,-0.268,-0.459,1.079,1.772
930,2,R3678,R3,MWQ,Focus,1,4,97.592528,99.11057,0.74325,2,93.11057,6,1,-0.65,-0.413,-0.711,-2.835
1112,2,R3678,R4,MWQ,Focus,1,4,214.890728,216.216693,0.134294,3,210.216693,6,1,1.986,1.866,2.085,-1.161
1127,2,R3678,R4,MWQ,Focus,1,3,286.440221,287.958022,0.95173,4,281.958022,6,1,-1.157,-0.162,0.487,-2.043
1150,2,R3678,R4,MWQ,Focus,1,3,382.373285,383.740977,1.226778,5,377.740977,6,1,-0.457,2.372,1.021,-1.38
1172,2,R3678,R4,MWQ,Focus,1,4,474.053487,475.721315,-0.607619,6,469.721315,6,1,1.522,1.988,-1.186,0.108
1215,3,R2595,R1,MWQ,Focus,1,4,18.980096,20.706002,0.927079,1,14.706002,6,1,1.468,-1.77,-1.155,-0.499
1233,3,R2595,R1,MWQ,Focus,1,4,99.969174,101.537292,0.084487,2,95.537292,6,1,0.754,-1.545,-1.528,-1.911
1252,3,R2595,R1,MWQ,Focus,1,4,183.502343,185.070091,-0.265518,3,179.070091,6,1,1.209,-2.433,-1.113,-0.361
1414,3,R2595,R2,MWQ,Focus,1,3,215.082412,216.458354,0.701341,3,210.458354,6,1,0.665,-2.324,-0.645,-0.425
1429,3,R2595,R2,MWQ,Focus,1,4,286.682003,288.108003,0.934919,4,282.108003,6,1,1.819,-1.698,-1.134,-0.322
1456,3,R2595,R2,MWQ,Focus,1,3,393.305703,394.87348,1.527567,5,388.87348,6,1,0.366,-0.389,-0.337,-2.347
1474,3,R2595,R2,MWQ,Focus,1,3,474.003292,475.379272,0.651402,6,469.379272,6,1,0.771,-2.158,0.57,-0.932
1551,2,R2595,R3,MWQ,Focus,1,2,147.618976,148.936678,1.301937,2,142.936678,6,1,-0.41,-2.249,-0.262,-0.774
1577,2,R2595,R3,MWQ,Focus,1,3,251.51601,253.192191,0.368088,3,247.192191,6,1,0.836,-2.472,-1.192,-0.35
1592,2,R2595,R3,MWQ,Focus,1,4,323.282334,324.658322,0.259397,4,318.658322,6,1,1.209,-2.433,-1.113,-0.361
1609,2,R2595,R3,MWQ,Focus,1,4,400.285662,401.753283,0.059735,5,395.753283,6,1,1.287,-1.859,-1.065,-0.023
1624,2,R2595,R3,MWQ,Focus,1,4,471.668351,473.286144,1.151922,6,467.286144,6,1,1.501,-1.859,-0.587,-0.423
1674,3,R2595,R4,MWQ,Focus,1,4,37.259438,38.985331,0.468467,1,32.985331,6,1,1.357,-2.124,-1.113,-0.334
1689,3,R2595,R4,MWQ,Focus,1,4,109.409381,110.726908,0.042636,2,104.726908,6,1,1.209,-2.433,-1.113,-0.361
1707,3,R2595,R4,MWQ,Focus,1,4,189.247963,190.56555,-0.374332,3,184.56555,6,1,1.357,-2.124,-1.113,-0.334
1824,4,R4052,R1,MWQ,Focus,1,4,33.882166,35.55806,0.385027,1,29.55806,6,1,0.511,2.004,-1.306,-1.543
1839,4,R4052,R1,MWQ,Focus,1,4,105.340152,106.707433,-0.073749,2,100.707433,6,1,-0.568,2.674,-1.531,-2.75
1855,4,R4052,R1,MWQ,Focus,1,4,179.408288,181.025948,-0.57419,3,175.025948,6,1,0.98,2.443,-1.178,-1.217
1871,4,R4052,R1,MWQ,Focus,1,4,253.484685,254.960758,-0.424371,4,248.960758,6,1,0.98,2.443,-1.178,-1.217
1886,4,R4052,R1,MWQ,Focus,1,4,325.242849,326.910654,-0.790848,5,320.910654,6,1,1.083,1.423,-1.138,-0.988
1965,4,R4052,R2,MWQ,Focus,1,4,5.412291,6.988265,-0.565654,1,0.988264999999998,6,1,1.083,1.423,-1.138,-0.988
1985,4,R4052,R2,MWQ,Focus,1,3,91.405368,92.722965,0.084269,2,86.722965,6,1,0.869,1.764,-0.997,-0.294
2001,4,R4052,R2,MWQ,Focus,1,3,165.223211,166.540769,0.001029,3,160.540769,6,1,0.394,1.075,-0.726,0.289
2172,4,R4052,R3,MWQ,Focus,1,2,224.406249,226.074059,-0.223987,3,220.074059,6,1,-1.553,2.034,-0.835,-0.648
2191,4,R4052,R3,MWQ,Focus,1,4,307.680644,309.098376,-0.09872,4,303.098376,6,1,0.713,2.392,-1.372,-1.928
2213,4,R4052,R3,MWQ,Focus,1,4,400.711989,402.079589,-0.107364,5,396.079589,6,1,-0.608,1.841,-1.086,-1.497
2228,4,R4052,R3,MWQ,Focus,1,4,472.303301,473.871083,-0.299093,6,467.871083,6,1,-0.277,2.427,-1.617,-1.629
2352,4,R4052,R4,MWQ,Focus,1,3,365.137011,366.654746,1.060129,5,360.654746,6,1,-1.215,1.998,-1.435,-0.278
2376,4,R4052,R4,MWQ,Focus,1,3,462.94682,464.61464,0.101224,6,458.61464,6,1,-1.231,1.724,-0.943,0.101
2471,5,R4167,R1,MWQ,Focus,1,3,215.557983,217.134386,0.201231,3,211.134386,6,1,-0.281,0.567,-0.54,1.15
2486,5,R4167,R1,MWQ,Focus,1,3,286.707677,288.233753,-0.157022,4,282.233753,6,1,-0.579,0.325,0.133,0.834
2505,5,R4167,R1,MWQ,Focus,1,3,370.824406,372.392175,-0.274073,5,366.392175,6,1,-0.559,0.245,0.108,1.129
2531,5,R4167,R1,MWQ,Focus,1,3,474.554774,476.172569,-0.424141,6,470.172569,6,1,-0.674,0.551,0.314,0.44
2626,5,R4167,R2,MWQ,Focus,1,4,228.492298,229.968322,-0.198999,3,223.968322,6,1,0.444,1.008,0.089,-0.256
2642,5,R4167,R2,MWQ,Focus,1,3,302.37689,304.103041,-0.356832,4,298.103041,6,1,0.089,0.446,0.369,-0.152
2662,5,R4167,R2,MWQ,Focus,1,3,388.736844,390.413033,-0.407479,5,384.413033,6,1,-0.009,0.469,0.032,-0.396
2679,5,R4167,R2,MWQ,Focus,1,2,466.507422,467.875117,0.301392,6,461.875117,6,1,-0.563,0.314,0.364,-0.156
2720,5,R4167,R3,MWQ,Focus,1,3,5.470719,7.096662,-0.132058,1,1.096662,6,1,-0.502,0.334,0.563,-0.389
2741,5,R4167,R3,MWQ,Focus,1,2,94.457567,95.983655,0.101085,2,89.983655,6,1,-1.313,0.437,0.125,-0.159
2757,5,R4167,R3,MWQ,Focus,1,2,168.392249,170.068439,-0.123602,3,164.068439,6,1,-0.732,-0.193,-0.66,0.043
2777,5,R4167,R3,MWQ,Focus,1,2,254.01002,255.335985,-0.190924,4,249.335985,6,1,-1.456,0.021,-0.899,-0.881
2871,5,R4167,R4,MWQ,Focus,1,2,4.920389,6.446209,0.034803,1,0.446209000000003,6,1,-0.533,0.006,-0.416,0.269
2889,5,R4167,R4,MWQ,Focus,1,2,85.526385,87.194219,-0.190659,2,81.194219,6,1,-1.161,0.528,-0.018,-0.083
2910,5,R4167,R4,MWQ,Focus,1,4,174.429796,176.097625,-0.140638,3,170.097625,6,1,0.098,0.855,0.523,0.347
3023,6,R4047,R1,MWQ,Focus,1,3,7.513841,8.93987299999999,2.561058,1,2.93987299999999,6,1,0.54,-0.444,-1.438,0.497
3040,6,R4047,R1,MWQ,Focus,1,3,84.058712,85.526393,0.459637,2,79.526393,6,1,0.671,-0.273,-1.555,0.277
3066,6,R4047,R1,MWQ,Focus,1,3,187.922501,189.240062,0.334604,3,183.240062,6,1,0.102,-0.391,-1.709,0.624
3081,6,R4047,R1,MWQ,Focus,1,3,259.272026,260.989795,-0.023741,4,254.989795,6,1,-0.117,0.043,-1.312,0.263
3226,6,R4047,R2,MWQ,Focus,1,3,215.999957,217.726168,0.301614,3,211.726168,6,1,-0.399,-0.899,-1.668,0.245
3244,6,R4047,R2,MWQ,Focus,1,3,296.764258,298.390383,-0.057116,4,292.390383,6,1,-0.299,-0.472,-1.712,1.252
3262,6,R4047,R2,MWQ,Focus,1,2,377.01989,378.437569,0.426302,5,372.437569,6,1,-0.377,-0.493,-1.273,0.938
3277,6,R4047,R2,MWQ,Focus,1,2,448.769747,450.345845,1.402013,6,444.345845,6,1,0.123,-1.286,-1.226,1.715
3515,6,R4047,R4,MWQ,Focus,1,3,150.054368,151.571989,0.351399,2,145.571989,6,1,0.417,-1.278,-1.382,0.596
3531,6,R4047,R4,MWQ,Focus,1,3,224.489351,226.157145,-0.015567,3,220.157145,6,1,0.083,-0.708,-1.601,0.932
3549,6,R4047,R4,MWQ,Focus,1,3,305.078526,306.496186,-0.0574,4,300.496186,6,1,0.339,-1.019,-1.457,-0.172
3566,6,R4047,R4,MWQ,Focus,1,2,382.031852,383.608038,0.2012,5,377.608038,6,1,0.24,-1.885,-1.338,-0.089
3581,6,R4047,R4,MWQ,Focus,1,3,453.731628,455.407802,0.051146,6,449.407802,6,1,-0.073,-1.646,-1.305,0.138
3677,7,R3884,R1,MWQ,Focus,1,3,210.796642,212.314367,2.144173,3,206.314367,6,1,0.582,1.929,-1.604,0.516
3704,7,R3884,R1,MWQ,Focus,1,3,317.537399,319.205214,0.618213,4,313.205214,6,1,0.453,0.917,-1.635,0.611
3723,7,R3884,R1,MWQ,Focus,1,3,400.286527,401.754208,0.017888,5,395.754208,6,1,0.566,1.566,-1.648,0.562
3739,7,R3884,R1,MWQ,Focus,1,3,474.162781,475.788958,0.835404,6,469.788958,6,1,0.453,0.917,-1.635,0.611
3777,7,R3884,R2,MWQ,Focus,1,3,5.36239800000001,6.98824,0.159845,1,0.988240000000005,6,1,0.453,0.917,-1.635,0.611
3798,7,R3884,R2,MWQ,Focus,1,3,95.383151,96.759184,1.193471,2,90.759184,6,1,-0.174,1.329,-1.949,-1.04
3818,7,R3884,R2,MWQ,Focus,1,3,180.642373,182.268516,0.059449,3,176.268516,6,1,0.398,1.367,-1.451,0.376
3993,7,R3884,R3,MWQ,Focus,1,3,278.193444,279.869619,-0.332427,4,273.869619,6,1,0.418,1.257,-1.648,0.535
4014,7,R3884,R3,MWQ,Focus,1,3,367.680607,369.056553,1.451897,5,363.056553,6,1,0.23,1.314,-0.569,0.599
4029,7,R3884,R3,MWQ,Focus,1,3,439.388684,440.964781,-0.432436,6,434.964781,6,1,0.196,1.268,-0.855,0.586
4079,7,R3884,R4,MWQ,Focus,1,3,4.811978,6.387707,-0.298733,1,0.387706999999999,6,1,0.418,1.257,-1.648,0.535
4109,7,R3884,R4,MWQ,Focus,1,2,121.334558,123.060728,0.243014,2,117.060728,6,1,-2.385,0.524,-1.983,0.117
4124,7,R3884,R4,MWQ,Focus,1,2,193.34285,194.910585,1.460412,3,188.910585,6,1,-1.768,0.367,-1.526,0.446
4231,8,R3946,R1,MWQ,Focus,1,4,7.85569399999999,9.531587,0.910423,1,3.53158699999999,6,1,0.901,1.514,0.097,-0.479
4251,8,R3946,R1,MWQ,Focus,1,3,93.123166,94.49918,0.751407,2,88.49918,6,1,0.649,0.622,0.848,-0.995
4440,8,R3946,R2,MWQ,Focus,1,3,231.594313,233.320577,1.777427,3,227.320577,6,1,-0.28,0.39,0.719,0.582
4458,8,R3946,R2,MWQ,Focus,1,3,312.658937,314.335092,-0.248907,4,308.335092,6,1,-0.582,0.788,0.382,1.441
4473,8,R3946,R2,MWQ,Focus,1,1,384.767269,386.234961,-0.449317,5,380.234961,6,1,-1.731,1.789,-0.236,-1.491
4490,8,R3946,R2,MWQ,Focus,1,3,462.004148,463.371771,0.976604,6,457.371771,6,1,-0.35,0.469,-0.291,0.691
4584,8,R3946,R3,MWQ,Focus,1,3,212.881333,214.34904,0.167773,3,208.34904,6,1,-0.297,0.732,0.631,0.952
4600,8,R3946,R3,MWQ,Focus,1,3,287.157821,288.784049,-0.699187,4,282.784049,6,1,-0.111,-0.119,0.633,2.182
4615,8,R3946,R3,MWQ,Focus,1,1,358.807591,360.383719,0.526415,5,354.383719,6,1,-0.624,-0.628,-0.164,0.694
4636,8,R3946,R3,MWQ,Focus,1,1,448.511505,449.929169,-0.566052,6,443.929169,6,1,-1.125,-0.96,-0.815,1.579
4687,8,R3946,R4,MWQ,Focus,1,1,17.195619,18.671325,-0.707483,1,12.671325,6,1,-0.647,0.282,-0.007,1.206
4703,8,R3946,R4,MWQ,Focus,1,3,91.780722,93.506969,1.243825,2,87.506969,6,1,0.302,1.166,0.57,0.946
4722,8,R3946,R4,MWQ,Focus,1,4,174.921765,176.639642,0.493175,3,170.639642,6,1,0.46,-0.046,0.679,-0.181
4737,8,R3946,R4,MWQ,Focus,1,4,246.76324,248.489509,-0.507533,4,242.489509,6,1,0.207,1.781,1.016,0.446
4838,9,R4053,R1,MWQ,Focus,1,4,17.562502,18.988226,0.418214,1,12.988226,6,1,0.695,0.462,0.745,0.537
4857,9,R4053,R1,MWQ,Focus,1,4,99.928001,101.303985,0.009293,2,95.303985,6,1,0.949,1.085,0.029,0.535
4993,9,R4053,R2,MWQ,Focus,1,4,28.703572,30.429358,-0.665528,1,24.429358,6,1,0.91,0.735,0.082,0.658
5008,9,R4053,R2,MWQ,Focus,1,4,100.2115,101.787598,-0.41567,2,95.787598,6,1,0.873,0.481,0.234,0.545
5023,9,R4053,R2,MWQ,Focus,1,4,172.41983,173.737505,-0.340874,3,167.737505,6,1,1.188,0.597,0.214,0.531
5205,9,R4053,R3,MWQ,Focus,1,3,291.460871,292.878528,0.551344,4,286.878528,6,1,0.352,0.259,0.101,0.246
5224,9,R4053,R3,MWQ,Focus,1,3,374.076553,375.552664,-0.374348,5,369.552664,6,1,-0.12,0.036,0.261,1.148
5248,9,R4053,R3,MWQ,Focus,1,2,471.80267,473.120222,0.418109,6,467.120222,6,1,-0.989,0.033,0.205,0.732
5361,9,R4053,R4,MWQ,Focus,1,2,331.822133,333.548331,0.126254,5,327.548331,6,1,-1.034,-0.37,0.117,0.569
5379,9,R4053,R4,MWQ,Focus,1,3,412.911695,414.587871,-0.098931,6,408.587871,6,1,-0.338,-0.499,0.013,-0.06
5521,10,R3891,R1,MWQ,Focus,1,3,358.390053,359.816043,0.426577,5,353.816043,6,1,-0.258,-1.165,-0.39,0.838
5536,10,R3891,R1,MWQ,Focus,1,4,429.989554,431.307142,0.826554,6,425.307142,6,1,0.494,-0.708,0.661,-0.402
5590,10,R3891,R2,MWQ,Focus,1,4,7.847477,9.431738,0.184757,1,3.431738,6,1,-0.631,-0.217,0.767,-0.79
5609,10,R3891,R2,MWQ,Focus,1,3,91.080173,92.4478,0.651367,2,86.4478,6,1,-0.586,0.504,-1.185,-0.148
5632,10,R3891,R2,MWQ,Focus,1,2,185.628408,187.304572,-0.007182,3,181.304572,6,1,-1.276,-0.724,1.234,1.561
5803,10,R3891,R3,MWQ,Focus,1,3,273.000945,274.727164,-0.365775,4,268.727164,6,1,-1.144,-0.75,-0.199,1.283
5834,10,R3891,R3,MWQ,Focus,1,3,390.943041,392.410768,-0.15744,5,386.410768,6,1,-1.238,-1.131,-0.052,0.765
5853,10,R3891,R3,MWQ,Focus,1,3,474.126624,475.794479,0.576945,6,469.794479,6,1,-0.989,-0.602,0.245,1.648
5895,10,R3891,R4,MWQ,Focus,1,4,16.545129,18.120884,-0.215446,1,12.120884,6,1,1.039,0.15,-0.275,-1.193
5916,10,R3891,R4,MWQ,Focus,1,4,107.215962,108.533601,0.593243,2,102.533601,6,1,-0.052,-0.73,-0.425,-0.598
6119,11,R4140,R1,MWQ,Focus,1,3,341.470489,342.79645,0.868141,5,336.79645,6,1,-0.352,-0.506,-0.667,0.971
6147,11,R4140,R1,MWQ,Focus,1,3,451.288346,452.914485,0.426665,6,446.914485,6,1,-0.572,-0.465,-0.232,-0.689
6204,11,R4140,R2,MWQ,Focus,1,2,38.285302,39.961071,0.059911,1,33.961071,6,1,-0.369,0.421,-0.172,0.584
6350,11,R4140,R3,MWQ,Focus,1,3,23.124733,24.600411,-0.340371,1,18.600411,6,1,-0.114,-2.265,0.383,-0.854
6366,11,R4140,R3,MWQ,Focus,1,2,97.251083,98.877307,1.502119,2,92.877307,6,1,-1.802,-0.059,-1.145,-0.208
6546,11,R4140,R4,MWQ,Focus,1,2,209.829134,211.455287,-0.090395,3,205.455287,6,1,-0.735,-0.971,-0.106,-2.435
6563,11,R4140,R4,MWQ,Focus,1,4,286.649093,288.216847,0.368006,4,282.216847,6,1,1.712,-1.722,0.613,-0.163
6581,11,R4140,R4,MWQ,Focus,1,2,367.213288,368.539249,0.317834,5,362.539249,6,1,0.082,-2.33,0.241,-0.462
6598,11,R4140,R4,MWQ,Focus,1,4,444.241752,445.709422,-0.324166,6,439.709422,6,1,-0.437,0.257,0.178,-1.213
6704,13,R4302,R1,MWQ,Focus,1,4,230.851923,232.428091,2.619585,3,226.428091,6,1,0.48,-0.334,-2.03,1.788
6724,13,R4302,R1,MWQ,Focus,1,3,317.220164,318.896363,0.326389,4,312.896363,6,1,-0.788,-0.043,0.911,-0.82
6743,13,R4302,R1,MWQ,Focus,1,2,401.837156,403.454966,0.9687,5,397.454966,6,1,-0.736,-0.521,0.741,0.49
6758,13,R4302,R1,MWQ,Focus,1,1,473.003161,474.520851,0.576545,6,468.520851,6,1,-0.988,0.739,-0.723,-0.532
6872,13,R4302,R2,MWQ,Focus,1,4,345.698754,347.316479,-0.023841,5,341.316479,6,1,1.373,-1.214,-0.169,0.621
6904,13,R4302,R2,MWQ,Focus,1,3,465.923819,467.441561,1.043448,6,461.441561,6,1,-0.08,-0.426,-0.09,0.845
6948,13,R4302,R3,MWQ,Focus,1,2,5.262281,6.888432,0.643225,1,0.888432000000002,6,1,-1.211,0.353,0.233,1.052
6966,13,R4302,R3,MWQ,Focus,1,3,85.826451,87.544321,0.58507,2,81.544321,6,1,-0.825,0.797,0.084,0.238
6982,13,R4302,R3,MWQ,Focus,1,1,160.152938,161.528925,0.701604,3,155.528925,6,1,-2.549,0.689,-0.227,0.615
7000,13,R4302,R3,MWQ,Focus,1,2,240.667017,242.284864,0.49321,4,236.284864,6,1,-1.867,0.9,-1.046,0.836
7114,13,R4302,R4,MWQ,Focus,1,2,50.852134,52.528069,0.418404,1,46.528069,6,1,-0.246,0.112,-1.107,1.413
7129,13,R4302,R4,MWQ,Focus,1,3,122.752065,124.219704,1.527337,2,118.219704,6,1,0.4,-0.528,-0.783,0.501
7344,14,R4275,R1,MWQ,Focus,1,4,391.313303,393.031183,0.359767,5,387.031183,6,1,1.147,1.761,-1.356,1.565
7359,14,R4275,R1,MWQ,Focus,1,3,462.912966,464.639162,0.376433,6,458.639162,6,1,0.479,0.408,-2.363,0.847
7405,14,R4275,R2,MWQ,Focus,1,4,16.811997,18.387737,-0.507237,1,12.387737,6,1,1.758,0.708,0.108,1.732
7420,14,R4275,R2,MWQ,Focus,1,3,88.119811,89.495778,0.126011,2,83.495778,6,1,0.247,0.367,-0.792,-0.124
7440,14,R4275,R2,MWQ,Focus,1,4,174.029392,175.705589,-0.065208,3,169.705589,6,1,1.752,0.72,-1.136,0.782
7553,14,R4275,R3,MWQ,Focus,1,4,7.538918,9.006247,-0.473973,1,3.006247,6,1,0.877,1.625,1.579,0.247
7579,14,R4275,R3,MWQ,Focus,1,3,112.636795,114.254585,0.026369,2,108.254585,6,1,-0.453,1.311,-1.006,0.778
7594,14,R4275,R3,MWQ,Focus,1,3,184.528288,186.24609,-0.27358,3,180.24609,6,1,0.734,0.011,-0.539,0.798
7761,14,R4275,R4,MWQ,Focus,1,3,229.634494,231.252218,0.493282,3,225.252218,6,1,0.716,0.766,-1.388,1.134
7777,14,R4275,R4,MWQ,Focus,1,4,304.219476,305.687229,1.952386,4,299.687229,6,1,0.379,0.382,-1.559,0.972
7796,14,R4275,R4,MWQ,Focus,1,4,388.202774,389.670474,2.152498,5,383.670474,6,1,1.065,1.66,-0.331,1.725
7812,14,R4275,R4,MWQ,Focus,1,4,462.620998,464.347286,-0.482381,6,458.347286,6,1,0.668,-0.455,-1.237,2.279
7867,16,R4307,R1,MWQ,Focus,1,3,42.704915,44.280702,1.193889,1,38.280702,6,1,0.658,-0.411,-0.239,-0.512
7885,16,R4307,R1,MWQ,Focus,1,2,123.894512,125.562353,1.118795,2,119.562353,6,1,-0.192,0.119,0.962,-0.77
8097,16,R4307,R2,MWQ,Focus,1,1,413.803932,415.37171,-0.149037,6,409.37171,6,1,-1.746,0.705,1.626,0.575
8211,16,R4307,R3,MWQ,Focus,1,3,222.838107,224.305713,0.718252,3,218.305713,6,1,-0.319,-1.074,-0.253,0.385
8226,16,R4307,R3,MWQ,Focus,1,3,294.671229,296.047211,0.926552,4,290.047211,6,1,-0.055,0.182,-0.157,-0.063
8247,16,R4307,R3,MWQ,Focus,1,2,382.49878,383.866425,0.534623,5,377.866425,6,1,-0.378,-0.997,-0.353,0.382
8266,16,R4307,R3,MWQ,Focus,1,1,465.366362,466.890634,-0.065605,6,460.890634,6,1,-1.079,0.149,0.303,-0.112
8308,16,R4307,R4,MWQ,Focus,1,4,7.297034,8.97292099999999,-0.565649,1,2.97292099999999,6,1,0.673,-0.498,-0.78,0.68
8328,16,R4307,R4,MWQ,Focus,1,4,93.173212,94.791033,-0.532623,2,88.791033,6,1,0.686,0.729,-0.133,0.271
8541,17,R4220,R1,MWQ,Focus,1,4,359.040874,360.708721,-0.399143,5,354.708721,6,1,1.624,0.122,-1.998,1.341
8556,17,R4220,R1,MWQ,Focus,1,4,431.140891,432.70866,-0.065501,6,426.70866,6,1,1.569,-0.863,-1.797,0.945
8666,17,R4220,R2,MWQ,Focus,1,4,227.983464,229.55088,-0.223506,3,223.55088,6,1,0.929,-0.383,-1.13,1.29
8681,17,R4220,R2,MWQ,Focus,1,4,300.125169,301.642897,-0.04899,4,295.642897,6,1,0.653,0.288,-0.295,0.335
8696,17,R4220,R2,MWQ,Focus,1,4,371.366211,372.842287,-0.232523,5,366.842287,6,1,0.984,-0.305,-1.196,0.877
8711,17,R4220,R2,MWQ,Focus,1,3,443.274439,444.641961,-0.057278,6,438.641961,6,1,0.942,-1.524,-1.161,0.959
8761,17,R4220,R3,MWQ,Focus,1,4,8.289417,9.815139,-0.215436,1,3.815139,6,1,1.218,-1.232,-1.625,0.847
8911,17,R4220,R4,MWQ,Focus,1,4,5.562564,7.038259,-0.365483,1,1.038259,6,1,1.455,-1.637,-1.16,-0.528
8926,17,R4220,R4,MWQ,Focus,1,4,77.020366,78.438089,-0.274249,2,72.438089,6,1,1.077,-0.228,-2.061,-0.717
8957,17,R4220,R4,MWQ,Focus,1,4,194.393452,195.76945,-0.240897,3,189.76945,6,1,0.169,-0.299,-1.125,1.246
9119,18,R4007,R1,MWQ,Focus,1,4,229.284355,231.010582,-0.524166,3,225.010582,6,1,1.648,0.418,-0.082,-1.154
9143,18,R4007,R1,MWQ,Focus,1,4,326.076487,327.394081,-0.032425,4,321.394081,6,1,1.914,0.365,0.263,-0.867
9158,18,R4007,R1,MWQ,Focus,1,4,397.167442,398.693551,0.117686,5,392.693551,6,1,1.879,0.704,0.25,-0.943
9174,18,R4007,R1,MWQ,Focus,1,4,471.594066,473.32029,-0.415778,6,467.32029,6,1,1.824,1.154,0.433,-1.178
9218,18,R4007,R2,MWQ,Focus,1,4,18.813376,20.539312,0.31845,1,14.539312,6,1,1.766,0.055,0.264,-0.894
9245,18,R4007,R2,MWQ,Focus,1,3,126.054526,127.580633,0.876268,2,121.580633,6,1,-0.158,-0.806,1.221,1.165
9260,18,R4007,R2,MWQ,Focus,1,4,197.662601,199.088603,-0.274282,3,193.088603,6,1,1.261,0.104,0.215,-0.214
9367,18,R4007,R3,MWQ,Focus,1,3,14.160201,15.535867,0.009539,1,9.535867,6,1,-0.574,-0.074,-0.399,0.911
9382,18,R4007,R3,MWQ,Focus,1,4,85.859964,87.336011,0.351611,2,81.336011,6,1,-0.027,-1.319,0.127,1.339
9555,18,R4007,R4,MWQ,Focus,1,1,149.670785,151.24692,0.03441,2,145.24692,6,1,-1.126,-1.077,-0.133,0.331
9572,18,R4007,R4,MWQ,Focus,1,4,226.424021,227.791594,0.468001,3,221.791594,6,1,0.004,0.483,0.812,0.295
9587,18,R4007,R4,MWQ,Focus,1,3,297.565044,299.041137,0.276545,4,293.041137,6,1,-1.167,0.215,-0.919,0.383
9603,18,R4007,R4,MWQ,Focus,1,4,372.241896,373.918108,-0.240636,5,367.918108,6,1,-0.782,0.725,0.229,1.02
9624,18,R4007,R4,MWQ,Focus,1,3,461.987521,463.555249,-0.54947,6,457.555249,6,1,0.3,-0.442,0.45,-0.084
9744,20,R3773,R1,MWQ,Focus,1,2,344.789476,346.357244,1.827393,5,340.357244,6,1,-0.177,-2.879,0.349,-0.657
9769,20,R3773,R1,MWQ,Focus,1,2,443.908259,445.526051,0.968669,6,439.526051,6,1,-1.158,-1.577,0.045,-1.745
9868,20,R3773,R2,MWQ,Focus,1,3,208.603424,210.271261,0.735362,3,204.271261,6,1,-1.252,0.101,0.466,-3.249
9883,20,R3773,R2,MWQ,Focus,1,1,280.795167,282.2712,2.235876,4,276.2712,6,1,-1.912,-0.046,0.27,-2.453
9906,20,R3773,R2,MWQ,Focus,1,1,377.036846,378.354506,1.735432,5,372.354506,6,1,-0.641,-1.903,-0.669,0.042
9929,20,R3773,R2,MWQ,Focus,1,1,471.369018,472.786666,0.659746,6,466.786666,6,1,-1.819,-0.503,0.282,-0.495
9968,20,R3773,R3,MWQ,Focus,1,2,4.970444,6.337726,0.902311,1,0.337725999999996,6,1,-1.865,0.253,2.074,-0.595
9985,20,R3773,R3,MWQ,Focus,1,1,81.723717,83.441484,0.176401,2,77.441484,6,1,-1.363,-1.152,-0.475,1.057
10008,20,R3773,R3,MWQ,Focus,1,1,176.464417,177.9905,0.209513,3,171.9905,6,1,-1.725,-0.398,0.456,-1.525
10123,20,R3773,R4,MWQ,Focus,1,2,16.728518,18.454402,0.310206,1,12.454402,6,1,-1.037,-1.167,1.434,0.578
10150,20,R3773,R4,MWQ,Focus,1,3,124.878499,126.49632,1.085244,2,120.49632,6,1,-0.913,0.361,2.228,0.328
10271,21,R4239,R1,MWQ,Focus,1,3,8.239387,9.915219,1.736325,1,3.915219,6,1,1.898,0.912,0.9,-0.126
10293,21,R4239,R1,MWQ,Focus,1,3,99.952973,101.470703,2.519676,2,95.470703,6,1,1.453,0.712,-0.515,1.437
10311,21,R4239,R1,MWQ,Focus,1,2,179.933424,181.301058,0.693067,3,175.301058,6,1,-1.418,0.262,1.76,1.325
10326,21,R4239,R1,MWQ,Focus,1,4,251.558105,253.084095,1.502368,4,247.084095,6,1,1.839,0.562,-0.04,-0.668
10484,21,R4239,R2,MWQ,Focus,1,2,272.047368,273.364935,1.510353,4,267.364935,6,1,-1.026,-0.341,1.027,2.081
10502,21,R4239,R2,MWQ,Focus,1,3,351.994494,353.662315,0.902179,5,347.662315,6,1,1.167,0.105,2.161,-1.077
10530,21,R4239,R2,MWQ,Focus,1,4,462.437768,463.905456,0.784868,6,457.905456,6,1,1.172,2.168,0.647,-0.835
10634,21,R4239,R3,MWQ,Focus,1,4,270.779761,272.505938,0.559919,4,266.505938,6,1,0.55,2.768,0.109,-0.996
10654,21,R4239,R3,MWQ,Focus,1,3,356.072256,357.740081,-0.115425,5,351.740081,6,1,-1.074,2.242,0.07,-0.055
10669,21,R4239,R3,MWQ,Focus,1,2,427.796983,429.41477,0.509785,6,423.41477,6,1,-1.932,1.876,-1.291,-0.975
10726,21,R4239,R4,MWQ,Focus,1,4,14.668813,16.294635,-0.140298,1,10.294635,6,1,1.996,2.001,0.506,-0.814
10742,21,R4239,R4,MWQ,Focus,1,1,89.195498,90.913368,0.743353,2,84.913368,6,1,-1.83,0.389,0.48,1.794
10757,21,R4239,R4,MWQ,Focus,1,1,161.237119,162.654754,0.25955,3,156.654754,6,1,-1.833,0.27,1.686,1.609
10928,22,R3557,R1,MWQ,Focus,1,4,217.259347,218.729429,1.683124,3,212.729429,6,1,1.815,-2.742,0.653,0.066
10943,22,R3557,R1,MWQ,Focus,1,3,288.650545,290.01817,0.359504,4,284.01817,6,1,0.082,-1.589,0.691,1.078
10968,22,R3557,R1,MWQ,Focus,1,3,390.571246,392.038918,0.634785,5,386.038918,6,1,-0.159,-1.028,1.334,0.342
10987,22,R3557,R1,MWQ,Focus,1,4,473.745585,475.463479,0.60179,6,469.463479,6,1,0.304,-1.588,0.288,-2.209
11029,22,R3557,R2,MWQ,Focus,1,2,17.387365,18.963063,0.151598,1,12.963063,6,1,-0.277,-0.243,2.306,0.405
11045,22,R3557,R2,MWQ,Focus,1,4,92.164188,93.681964,-0.007198,2,87.681964,6,1,-0.034,-2.221,0.093,-2.256
11060,22,R3557,R2,MWQ,Focus,1,4,163.513718,164.981414,0.776574,3,158.981414,6,1,1.212,-2.163,0.238,-1.51
11078,22,R3557,R2,MWQ,Focus,1,3,243.202326,244.728408,0.735035,4,238.728408,6,1,-0.013,-1.223,-0.225,-1.682
11093,22,R3557,R2,MWQ,Focus,1,4,314.902066,316.519819,0.017783,5,310.519819,6,1,0.376,-1.212,0.507,-1.897
11188,22,R3557,R3,MWQ,Focus,1,3,39.360973,40.736555,0.301444,1,34.736555,6,1,0.839,-2.202,0.159,-1.499
11208,22,R3557,R3,MWQ,Focus,1,4,125.779266,127.505477,0.15135,2,121.505477,6,1,1.514,-2.453,0.446,-0.722
11398,22,R3557,R4,MWQ,Focus,1,1,297.931965,299.30793,0.242751,4,293.30793,6,1,0.118,-0.308,0.614,0.839
11413,22,R3557,R4,MWQ,Focus,1,4,369.381442,370.957601,-0.107324,5,364.957601,6,1,1.514,-2.453,0.446,-0.722
11433,22,R3557,R4,MWQ,Focus,1,4,454.940862,456.617033,-0.757703,6,450.617033,6,1,1.514,-2.453,0.446,-0.722
11478,23,R3111,R1,MWQ,Focus,1,4,5.02041700000001,6.34603100000001,1.877823,1,0.346031000000011,6,1,0.152,-1.607,0.939,-0.789
11501,23,R3111,R1,MWQ,Focus,1,4,100.103027,101.420612,0.759756,2,95.420612,6,1,1.214,0.827,0.758,-0.446
11519,23,R3111,R1,MWQ,Focus,1,4,180.383691,182.009804,0.109545,3,176.009804,6,1,1.196,0.332,0.295,0.497
11534,23,R3111,R1,MWQ,Focus,1,4,252.433693,254.059824,-0.157113,4,248.059824,6,1,0.329,-0.078,-0.248,0.209
11684,23,R3111,R2,MWQ,Focus,1,4,221.487199,223.104984,-0.507329,3,217.104984,6,1,1.143,0.97,0.79,0.204
11704,23,R3111,R2,MWQ,Focus,1,2,307.663601,309.33143,0.484872,4,303.33143,6,1,0.142,0.406,-0.22,0.449
11723,23,R3111,R2,MWQ,Focus,1,2,390.67115,392.297314,-0.082275,5,386.297314,6,1,-1.144,0.47,-1.259,-0.172
11738,23,R3111,R2,MWQ,Focus,1,3,462.270741,463.938579,-0.473944,6,457.938579,6,1,-0.107,1.355,0.498,0.364
11790,23,R3111,R3,MWQ,Focus,1,4,35.958597,37.684532,-0.04026,1,31.684532,6,1,0.535,1.703,0.297,-0.369
11806,23,R3111,R3,MWQ,Focus,1,4,110.493606,112.161451,-0.257376,2,106.161451,6,1,0.715,0.734,0.578,-0.207
11821,23,R3111,R3,MWQ,Focus,1,4,182.243038,183.969606,-0.632624,3,177.969606,6,1,-0.049,0.73,0.404,0.477
11997,23,R3111,R4,MWQ,Focus,1,4,281.495489,283.221742,-0.757717,4,277.221742,6,1,0.13,1.215,0.404,1.534
12015,23,R3111,R4,MWQ,Focus,1,4,362.651831,364.019418,-0.44085,5,358.019418,6,1,1.186,1.802,0.833,0.307
12035,23,R3111,R4,MWQ,Focus,1,4,448.544727,450.270967,-0.98279,6,444.270967,6,1,0.83,1.904,0.794,-0.003
12124,24,R4236,R1,MWQ,Focus,1,4,157.292848,158.710537,1.168899,2,152.710537,6,1,0.979,0.253,-1.196,0.936
12141,24,R4236,R1,MWQ,Focus,1,2,234.187892,235.663924,1.218888,3,229.663924,6,1,-0.447,-1.082,-0.956,-1.186
12159,24,R4236,R1,MWQ,Focus,1,3,314.526997,316.203185,0.051126,4,310.203185,6,1,0.426,0.378,-0.675,0.732
12179,24,R4236,R1,MWQ,Focus,1,3,400.194753,401.562376,0.159361,5,395.562376,6,1,0.105,0.209,-0.795,0.46
12194,24,R4236,R1,MWQ,Focus,1,2,471.485878,473.103679,0.835058,6,467.103679,6,1,-0.235,-0.416,-0.768,-0.585
12237,24,R4236,R2,MWQ,Focus,1,4,16.495137,17.870789,0.076569,1,11.870789,6,1,1.27,-0.26,-0.495,-0.148
12258,24,R4236,R2,MWQ,Focus,1,2,104.939798,106.40748,0.893286,2,100.40748,6,1,-1.151,-0.463,-1.597,1.365
12275,24,R4236,R2,MWQ,Focus,1,3,181.592862,183.169055,0.684948,3,177.169055,6,1,-0.338,-0.173,-1.527,0.389
12385,24,R4236,R3,MWQ,Focus,1,4,7.68902600000001,9.364863,-0.323688,1,3.364863,6,1,1.376,-0.47,-1.655,-0.201
12404,24,R4236,R3,MWQ,Focus,1,3,91.772372,93.190003,1.193675,2,87.190003,6,1,0.136,-0.605,-1.75,0.417
12426,24,R4236,R3,MWQ,Focus,1,2,183.310807,184.828569,0.910302,3,178.828569,6,1,-0.307,-0.886,-1.796,0.697
12441,24,R4236,R3,MWQ,Focus,1,4,255.05225,256.47825,0.501288,4,250.47825,6,1,1.1,-1.18,-1.395,0.228
12588,24,R4236,R4,MWQ,Focus,1,3,215.332986,216.850722,-0.265818,3,210.850722,6,1,0.635,-0.112,-0.737,-0.293
12603,24,R4236,R4,MWQ,Focus,1,3,286.782537,288.350317,0.251225,4,282.350317,6,1,-0.484,-1.145,-1.787,-0.055
12626,24,R4236,R4,MWQ,Focus,1,3,382.623975,384.250118,0.259756,5,378.250118,6,1,0.07,-0.824,-0.598,-0.193
12647,24,R4236,R4,MWQ,Focus,1,2,472.436206,474.003973,0.042901,6,468.003973,6,1,-0.867,-0.996,-1.355,1.481
12744,25,R4088,R1,MWQ,Focus,1,3,230.734955,232.444496,0.30177,3,226.444496,6,1,0.725,-0.535,-0.478,-1.287
12763,25,R4088,R1,MWQ,Focus,1,3,313.775748,315.44354,-0.257103,4,309.44354,6,1,0.754,0.068,-1.721,-0.725
12778,25,R4088,R1,MWQ,Focus,1,3,385.458509,386.867846,0.284866,5,380.867846,6,1,1.019,0.051,-1.202,0.26
12794,25,R4088,R1,MWQ,Focus,1,2,459.684834,461.352658,-0.332446,6,455.352658,6,1,-0.57,0.174,0.257,1.52
12837,25,R4088,R2,MWQ,Focus,1,3,5.053787,6.729744,0.159778,1,0.729743999999997,6,1,0.948,-0.292,-1.06,-0.854
12862,25,R4088,R2,MWQ,Focus,1,2,106.307117,108.016607,0.251642,2,102.016607,6,1,-0.792,0.216,-0.02,-0.252
13040,25,R4088,R3,MWQ,Focus,1,2,213.497934,214.957251,0.292863,3,208.957251,6,1,-0.392,-1.473,-0.773,-0.754
13067,25,R4088,R3,MWQ,Focus,1,3,319.204249,320.872095,0.101188,4,314.872095,6,1,-0.017,-0.22,-0.372,0.98
13082,25,R4088,R3,MWQ,Focus,1,2,390.728667,392.23807,0.826595,5,386.23807,6,1,0.352,-0.574,-0.558,-1.276
13097,25,R4088,R3,MWQ,Focus,1,2,462.194742,463.503971,-0.065812,6,457.503971,6,1,0.049,-0.755,-0.508,-1.107
13143,25,R4088,R4,MWQ,Focus,1,3,16.570059,18.18759,0.359945,1,12.18759,6,1,0.402,-0.389,-0.497,-0.282
13159,25,R4088,R4,MWQ,Focus,1,2,90.229301,91.838771,0.14293,2,85.838771,6,1,0.262,-1.075,-0.235,0.29
13178,25,R4088,R4,MWQ,Focus,1,2,173.953818,175.321505,0.701701,3,169.321505,6,1,0.076,-0.34,-0.59,-1.385
13198,25,R4088,R4,MWQ,Focus,1,3,259.771478,261.080723,0.351126,4,255.080723,6,1,0.413,-0.388,0.453,-0.186
13353,26,R4204,R1,MWQ,Focus,1,4,271.796341,273.355764,0.209771,4,267.355764,6,1,0.018,-0.166,0.671,-0.343
13380,26,R4204,R1,MWQ,Focus,1,2,378.078152,379.787636,0.143316,5,373.787636,6,1,-0.917,-0.44,-0.008,0.588
13400,26,R4204,R1,MWQ,Focus,1,3,464.070837,465.730326,1.102545,6,459.730326,6,1,-0.554,-1.207,1.252,0.116
13456,26,R4204,R2,MWQ,Focus,1,1,49.359401,50.826806,1.093777,1,44.826806,6,1,-1.97,-0.386,1.549,0.693
13474,26,R4204,R2,MWQ,Focus,1,2,130.307008,131.874762,2.461318,2,125.874762,6,1,-0.903,-0.379,1.956,-0.877
13668,26,R4204,R3,MWQ,Focus,1,1,309.964364,311.63221,-0.349035,4,305.63221,6,1,-1.401,0.352,0.514,-2.385
13683,26,R4204,R3,MWQ,Focus,1,2,381.588594,383.306771,0.476706,5,377.306771,6,1,-1.063,0.731,0.58,-2.472
13704,26,R4204,R3,MWQ,Focus,1,3,471.642702,472.951964,1.010263,6,466.951964,6,1,-0.982,0.396,0.337,-1.639
13755,26,R4204,R4,MWQ,Focus,1,3,40.069682,41.386935,0.626649,1,35.386935,6,1,-0.678,0.27,2.335,-2.139
13778,26,R4204,R4,MWQ,Focus,1,3,134.734987,136.394498,0.276294,2,130.394498,6,1,0.337,-0.179,2.407,-1.667
13901,27,R4065,R1,MWQ,Focus,1,None,26.31853,27.844423,,1,21.844423,6,1,1.343,-0.757,-0.33,-0.753
13928,27,R4065,R1,MWQ,Focus,1,3,133.050731,134.359954,1.060272,2,128.359954,6,1,1.84,-1.268,-0.823,0.27
14133,27,R4065,R2,MWQ,Focus,1,4,372.132497,373.541807,0.16808,5,367.541807,6,1,1.758,0.071,-0.09,0.491
14151,27,R4065,R2,MWQ,Focus,1,4,452.421308,453.780602,0.384586,6,447.780602,6,1,1.919,-0.402,-0.239,-0.739
14199,27,R4065,R3,MWQ,Focus,1,4,14.443607,16.11949,-0.25702,1,10.11949,6,1,1.919,-0.402,-0.239,-0.739
14221,27,R4065,R3,MWQ,Focus,1,3,106.58229,108.09995,0.117861,2,102.09995,6,1,0.892,-0.763,0.301,0.185
14236,27,R4065,R3,MWQ,Focus,1,3,178.206824,179.86626,0.409746,3,173.86626,6,1,-0.111,0.108,-0.161,0.405
14399,27,R4065,R4,MWQ,Focus,1,3,213.247595,214.706938,-0.324214,3,208.706938,6,1,1.4,-0.004,-0.373,-0.412
14415,27,R4065,R4,MWQ,Focus,1,3,287.432254,288.74978,0.109358,4,282.74978,6,1,1.601,-0.891,-0.502,-0.493
14438,27,R4065,R4,MWQ,Focus,1,4,382.030922,383.640292,0.109542,5,377.640292,6,1,1.975,-0.852,-0.422,-0.504
14457,27,R4065,R4,MWQ,Focus,1,2,464.904761,466.272428,0.201264,6,460.272428,6,1,0.516,-1.561,-0.424,-1.164
14554,28,R4131,R1,MWQ,Focus,1,3,224.588892,226.048152,1.669168,3,220.048152,6,1,0.537,-0.607,-1.101,-0.478
14569,28,R4131,R1,MWQ,Focus,1,4,295.921451,297.330766,2.428059,4,291.330766,6,1,0.967,1.387,-0.016,-0.107
14588,28,R4131,R1,MWQ,Focus,1,4,379.037201,380.496537,0.392934,5,374.496537,6,1,-0.088,-1.019,2.601,0.915
14606,28,R4131,R1,MWQ,Focus,1,3,459.133947,460.752005,0.668288,6,454.752005,6,1,-0.816,-0.166,-0.181,-0.308
14703,28,R4131,R2,MWQ,Focus,1,3,218.843149,220.252424,2.086157,3,214.252424,6,1,-1.101,0.72,0.923,1.063
14718,28,R4131,R2,MWQ,Focus,1,3,290.008941,291.418243,0.551706,4,285.418243,6,1,-0.403,-2.215,-0.513,-2.129
14737,28,R4131,R2,MWQ,Focus,1,4,373.833544,375.192778,0.19277,5,369.192778,6,1,0.63,-1.402,0.33,-0.134
14758,28,R4131,R2,MWQ,Focus,1,4,463.053461,464.462778,0.076001,6,458.462778,6,1,0.764,0.817,0.023,-1.154
14804,28,R4131,R3,MWQ,Focus,1,2,17.328921,19.055153,1.360429,1,13.055153,6,1,0.015,0.076,1.235,0.941
14824,28,R4131,R3,MWQ,Focus,1,3,103.755303,105.064519,1.985853,2,99.064519,6,1,0.402,-0.058,0.88,1.605
14842,28,R4131,R3,MWQ,Focus,1,3,184.802947,186.162231,1.852192,3,180.162231,6,1,0.303,0.369,-0.646,1.607
14951,28,R4131,R4,MWQ,Focus,1,4,4.803617,6.120941,0.001118,1,0.120941000000002,6,1,1.187,-1.031,-1.15,0.368
15102,30,R4222,R1,MWQ,Focus,1,4,4.553432,6.279334,2.328167,1,0.279333999999999,6,1,1.505,0.126,-0.245,0.432
15121,30,R4222,R1,MWQ,Focus,1,3,88.052797,89.570592,0.184884,2,83.570592,6,1,0.113,0.746,-0.083,0.25
15142,30,R4222,R1,MWQ,Focus,1,3,177.606413,179.074046,0.751827,3,173.074046,6,1,0.6,1.124,-0.556,0.093
15334,30,R4222,R2,MWQ,Focus,1,3,351.951779,353.361077,0.476519,5,347.361077,6,1,-0.415,0.282,0.058,0.598
15360,30,R4222,R2,MWQ,Focus,1,3,456.040335,457.507996,0.701862,6,451.507996,6,1,-0.098,0.35,-0.612,0.198
15476,30,R4222,R3,MWQ,Focus,1,2,299.348687,300.958151,0.42683,4,294.958151,6,1,-1.117,1.316,0.348,-0.966
15493,30,R4222,R3,MWQ,Focus,1,2,376.210147,377.677838,-0.165399,5,371.677838,6,1,-1.331,0.609,-0.157,-0.419
15512,30,R4222,R3,MWQ,Focus,1,2,458.958975,460.318184,-0.157112,6,454.318184,6,1,-0.987,1.329,-1.42,0.129
15555,30,R4222,R4,MWQ,Focus,1,2,5.103802,6.821404,-0.282086,1,0.821404000000001,6,1,-1.307,1.076,-0.567,-0.007
15585,30,R4222,R4,MWQ,Focus,1,3,120.742102,122.051264,0.468146,2,116.051264,6,1,-0.836,1.483,-0.134,-0.529
15601,30,R4222,R4,MWQ,Focus,1,2,194.626329,196.085702,0.201147,3,190.085702,6,1,-1.56,0.388,-0.772,0.055
15768,31,R4165,R1,MWQ,Focus,1,4,270.59571,272.013353,-0.040738,4,266.013353,6,1,1.882,1.077,1.189,-0.644
15783,31,R4165,R1,MWQ,Focus,1,4,342.011741,343.571156,-0.474275,5,337.571156,6,1,1.551,0.48,0.673,-0.932
15803,31,R4165,R1,MWQ,Focus,1,4,427.604249,429.071953,-0.507538,6,423.071953,6,1,0.886,-1.381,1.702,-1.031
15860,31,R4165,R2,MWQ,Focus,1,3,14.593687,16.219655,0.093157,1,10.219655,6,1,-0.93,0.422,-0.164,-0.631
15875,31,R4165,R2,MWQ,Focus,1,3,86.268212,87.62751,0.17613,2,81.62751,6,1,-1.163,-0.161,-0.351,-0.523
15893,31,R4165,R2,MWQ,Focus,1,3,166.757177,168.466697,-0.474167,3,162.466697,6,1,-0.069,-0.708,0.998,0.314
15909,31,R4165,R2,MWQ,Focus,1,3,240.516501,241.984216,0.000986,4,235.984216,6,1,-0.29,-0.509,-0.049,0.904
16013,31,R4165,R3,MWQ,Focus,1,3,19.44709,21.014502,-0.540234,1,15.014502,6,1,0.147,-0.3,0.802,-0.953
16036,31,R4165,R3,MWQ,Focus,1,3,114.587821,115.997059,-0.357602,2,109.997059,6,1,-0.612,0.397,0.712,-0.928
16222,31,R4165,R4,MWQ,Focus,1,3,271.179253,272.738662,-0.340767,4,266.738662,6,1,-0.356,-0.31,0.002,-0.764
16242,31,R4165,R4,MWQ,Focus,1,2,357.538922,359.098343,-0.074,5,353.098343,6,1,-0.468,-1.551,-0.408,-0.434
16258,31,R4165,R4,MWQ,Focus,1,3,431.781929,433.0911,0.534602,6,427.0911,6,1,-0.113,-0.964,0.671,-1.071
16322,32,R4315,R1,MWQ,Focus,1,4,41.77087,43.096825,1.393816,1,37.096825,6,1,1.165,0.737,-1.23,0.2
16338,32,R4315,R1,MWQ,Focus,1,4,116.689386,118.007016,0.067796,2,112.007016,6,1,1.272,0.262,-1.199,1.717
16359,32,R4315,R1,MWQ,Focus,1,3,204.683649,206.301454,0.151306,3,200.301454,6,1,1.14,-1.179,0.009,1.191
16464,32,R4315,R2,MWQ,Focus,1,4,14.04332,15.760893,-0.05693,1,9.76089299999999,6,1,0.757,0.983,-1.415,1.612
16479,32,R4315,R2,MWQ,Focus,1,4,85.676187,86.993826,-0.274014,2,80.993826,6,1,1.515,0.489,-1.164,1.411
16504,32,R4315,R2,MWQ,Focus,1,4,186.846172,188.564099,-0.757718,3,182.564099,6,1,1.682,-0.031,-1.142,1.843
16677,32,R4315,R3,MWQ,Focus,1,4,281.311526,283.029423,-0.857627,4,277.029423,6,1,0.742,2.05,-1.407,1.763
16693,32,R4315,R3,MWQ,Focus,1,4,355.746391,357.364205,-0.66604,5,351.364205,6,1,1.79,0.255,-1.132,1.52
16716,32,R4315,R3,MWQ,Focus,1,3,450.069971,451.529288,0.184905,6,445.529288,6,1,-0.719,-0.677,-0.865,-1.352
16828,32,R4315,R4,MWQ,Focus,1,3,278.392814,279.95223,-0.50764,4,273.95223,6,1,-0.627,-0.144,-1.365,1.428
16850,32,R4315,R4,MWQ,Focus,1,4,372.691368,374.100666,-0.198791,5,368.100666,6,1,1.517,0.482,-0.81,1.069
16875,32,R4315,R4,MWQ,Focus,1,3,474.503487,475.862716,1.227099,6,469.862716,6,1,-0.976,-0.551,-0.007,1.272
16914,33,R3380,R1,MWQ,Focus,1,4,5.82930200000001,7.44688900000001,1.219209,1,1.44688900000001,6,1,1.278,-0.079,-1.02,0.704
16934,33,R3380,R1,MWQ,Focus,1,None,91.505254,93.023008,,2,87.023008,6,1,0.729,0.244,-1.527,0.512
16953,33,R3380,R1,MWQ,Focus,1,3,174.295838,175.705156,1.65255,3,169.705156,6,1,0.388,0.045,-0.351,0.412
17069,33,R3380,R2,MWQ,Focus,1,3,17.470713,19.138303,-0.223684,1,13.138303,6,1,0.451,0.598,-0.291,-0.929
17095,33,R3380,R2,MWQ,Focus,1,3,121.192404,122.509966,0.551355,2,116.509966,6,1,0.578,0.457,-1.688,-0.61
17278,33,R3380,R3,MWQ,Focus,1,3,271.546268,272.913877,0.876778,4,266.913877,6,1,0.27,0.28,-0.462,-0.171
17293,33,R3380,R3,MWQ,Focus,1,3,342.528671,344.096469,0.101382,5,338.096469,6,1,-0.128,0.063,0.104,-0.497
17325,33,R3380,R3,MWQ,Focus,1,3,462.820131,464.479617,1.093657,6,458.479617,6,1,0.501,0.317,0.264,-0.914
17443,33,R3380,R4,MWQ,Focus,1,3,310.714955,312.424424,-0.082128,4,306.424424,6,1,0.234,0.607,-1.073,-0.474
17462,33,R3380,R4,MWQ,Focus,1,3,394.589579,396.148945,0.626902,5,390.148945,6,1,0.602,0.246,-0.48,-0.813
17480,33,R3380,R4,MWQ,Focus,1,3,475.945747,477.413484,0.91852,6,471.413484,6,1,0.079,-0.413,0.169,-0.12
17539,34,R3385,R1,MWQ,Focus,1,4,67.455289,68.97272,1.368889,1,62.97272,6,1,2.028,-0.901,1.686,-0.826
17669,34,R3385,R2,MWQ,Focus,1,4,5.203859,6.879831,0.059702,1,0.879831000000003,6,1,1.853,-0.333,2.385,-1.139
17692,34,R3385,R2,MWQ,Focus,1,3,99.29385,101.011725,0.734999,2,95.011725,6,1,0.159,0.963,1.429,0.016
17713,34,R3385,R2,MWQ,Focus,1,4,188.53049,190.240032,1.51898,3,184.240032,6,1,0.713,0.846,2.144,-1.415
17900,34,R3385,R3,MWQ,Focus,1,3,349.274853,350.592435,0.559998,5,344.592435,6,1,-0.152,-0.33,1.708,-0.251
17929,34,R3385,R3,MWQ,Focus,1,3,463.553735,464.971377,0.77696,6,458.971377,6,1,-0.054,-0.298,2.113,-1.264
18036,34,R3385,R4,MWQ,Focus,1,4,279.134795,280.702504,-0.440825,4,274.702504,6,1,1.326,-0.903,1.032,-0.31
18056,34,R3385,R4,MWQ,Focus,1,2,365.377693,366.836981,1.010308,5,360.836981,6,1,-1.037,-0.816,1.788,0.502
18071,34,R3385,R4,MWQ,Focus,1,3,436.293265,437.761012,0.184645,6,431.761012,6,1,1.144,-1.335,2.005,-0.717
18205,35,R4505,R2,MWQ,Focus,1,4,358.528427,360.09509,1.149848,5,354.09509,6,1,-0.39,0.28,0.477,0.267
18221,35,R4505,R2,MWQ,Focus,1,2,433.000652,434.575597,1.758172,6,428.575597,6,1,-1.243,-0.665,-0.898,0.389
18279,35,R4505,R1,MWQ,Focus,1,4,22.207807,23.932441,2.158423,1,17.932441,6,1,1.557,-0.114,-0.728,0.203
18295,35,R4505,R1,MWQ,Focus,1,4,96.754907,98.271575,0.424887,2,92.271575,6,1,1.912,-0.138,1.156,-0.41
18317,35,R4505,R1,MWQ,Focus,1,4,188.90964,190.417984,-0.108356,3,184.417984,6,1,1.507,-1.021,-1.267,-0.461
18427,35,R4505,R3,MWQ,Focus,1,4,13.48312,14.957829,0.233533,1,8.95782899999999,6,1,1.37,-0.504,-0.644,-0.517
18643,35,R4505,R4,MWQ,Focus,1,4,285.50585,287.122466,-0.233373,4,281.122466,6,1,0.748,-0.813,-1.108,-0.94
18658,35,R4505,R4,MWQ,Focus,1,3,357.361409,358.669663,0.049947,5,352.669663,6,1,-0.368,0.679,-0.177,-1.733
18673,35,R4505,R4,MWQ,Focus,1,3,428.558651,430.216837,0.64996,6,424.216837,6,1,-0.469,-0.724,-0.774,-0.464
18778,36,R4482,R1,MWQ,Focus,1,4,211.817206,213.533817,0.174886,3,207.533817,6,1,0.713,1.246,1.322,0.469
18796,36,R4482,R1,MWQ,Focus,1,4,292.714023,294.430667,0.2749,4,288.430667,6,1,1.412,0.878,0.146,1.089
18818,36,R4482,R1,MWQ,Focus,1,2,383.560513,385.268785,0.616581,5,379.268785,6,1,-0.676,1.294,-0.736,-1.438
18839,36,R4482,R1,MWQ,Focus,1,3,473.482083,475.098659,-0.091735,6,469.098659,6,1,-0.088,-0.304,-0.459,-0.641
18880,36,R4482,R2,MWQ,Focus,1,2,14.183071,15.807805,0.441814,1,9.807805,6,1,0.002,0.306,0.173,0.299
19104,36,R4482,R3,MWQ,Focus,1,2,310.821178,312.429448,-0.083379,4,306.429448,6,1,-1.133,1.209,-0.939,-0.789
19125,36,R4482,R3,MWQ,Focus,1,3,398.784392,400.292676,0.083282,5,394.292676,6,1,-0.323,1.079,0.038,-0.422
19141,36,R4482,R3,MWQ,Focus,1,3,473.064868,474.481483,-0.173924,6,468.481483,6,1,-0.854,1.259,-0.689,0.385
19194,36,R4482,R4,MWQ,Focus,1,2,48.906742,50.481483,0.141826,1,44.481483,6,1,-1.417,1.562,-1.14,-1.119
19209,36,R4482,R4,MWQ,Focus,1,2,120.728864,122.337138,0.308339,2,116.337138,6,1,-1.394,1.447,-1.267,-1.016
19225,36,R4482,R4,MWQ,Focus,1,2,194.717715,196.234352,0.399889,3,190.234352,6,1,-1.191,1.306,-1.451,-0.754
19380,37,R4507,R1,MWQ,Focus,1,4,206.733955,208.408912,0.399776,3,202.408912,6,1,1.395,0.331,-0.807,-0.714
19400,37,R4507,R1,MWQ,Focus,1,3,291.964093,293.43077,1.766449,4,287.43077,6,1,-0.705,0.055,0.408,0.477
19415,37,R4507,R1,MWQ,Focus,1,2,363.286449,365.003057,2.783946,5,359.003057,6,1,-0.5,-0.925,0.69,0.188
19433,37,R4507,R1,MWQ,Focus,1,2,444.491673,445.999707,0.608467,6,439.999707,6,1,-0.516,0.015,0.394,-1.063
19484,37,R4507,R2,MWQ,Focus,1,2,14.349784,15.824444,0.541852,1,9.824444,6,1,-0.393,0.489,0.251,0.132
19504,37,R4507,R2,MWQ,Focus,1,3,99.921556,101.329786,0.683266,2,95.329786,6,1,-0.03,-0.454,0.782,0.806
19519,37,R4507,R2,MWQ,Focus,1,2,171.568839,172.877077,0.32495,3,166.877077,6,1,-0.836,0.339,0.526,-0.432
19534,37,R4507,R2,MWQ,Focus,1,1,242.566092,244.032749,0.549898,4,238.032749,6,1,-1.447,-0.976,0.608,-0.392
19702,37,R4507,R3,MWQ,Focus,1,2,290.631119,292.197725,-0.450063,4,286.197725,6,1,-0.21,0.461,-0.212,-0.452
19720,37,R4507,R3,MWQ,Focus,1,2,372.219687,373.786354,-0.766739,5,367.786354,6,1,-0.411,-1.264,0.239,1.842
19742,37,R4507,R3,MWQ,Focus,1,3,464.924538,466.48282,-0.275034,6,460.48282,6,1,-0.92,0.673,0.732,-0.519
19783,37,R4507,R4,MWQ,Focus,1,2,5.158092,6.83280600000001,-0.616403,1,0.832806000000005,6,1,-0.296,-0.359,-0.687,1.102
20002,38,R4508,R1,MWQ,Focus,1,4,287.989353,289.305928,0.283284,4,283.305928,6,1,0.434,-0.338,0.436,2.012
20022,38,R4508,R1,MWQ,Focus,1,3,373.27777,374.735991,1.024921,5,368.735991,6,1,0.396,-1.52,-1.061,0.461
20044,38,R4508,R1,MWQ,Focus,1,1,465.215869,466.732497,0.749919,6,460.732497,6,1,-0.402,0.192,-0.405,0.391
20143,38,R4508,R2,MWQ,Focus,1,3,230.133006,231.791236,0.166652,3,225.791236,6,1,-0.621,-1.142,0.163,1.624
20163,38,R4508,R2,MWQ,Focus,1,3,315.963071,317.579637,0.516594,4,311.579637,6,1,-0.708,-0.127,1.695,0.478
20179,38,R4508,R2,MWQ,Focus,1,4,390.710132,392.026785,0.683241,5,386.026785,6,1,2.067,0.366,-1.157,0.998
20195,38,R4508,R2,MWQ,Focus,1,4,464.548947,466.057174,0.600313,6,460.057174,6,1,2.001,1.166,-0.88,0.212
20242,38,R4508,R3,MWQ,Focus,1,4,21.516097,23.190763,0.400201,1,17.190763,6,1,1.771,-1.29,-1.385,1.065
20257,38,R4508,R3,MWQ,Focus,1,4,92.896708,94.463323,-0.208425,2,88.463323,6,1,2.026,-0.934,-1.089,0.849
20283,38,R4508,R3,MWQ,Focus,1,4,197.642636,199.217585,0.074937,3,193.217585,6,1,0.479,0.615,0.107,1.582
20628,39,R4211,R1,MWQ,Focus,1,3,379.318912,380.727189,0.116638,5,374.727189,6,1,1.006,1.295,0.654,0.578
20647,39,R4211,R1,MWQ,Focus,1,4,462.290698,463.898973,-0.225035,6,457.898973,6,1,0.748,1.665,0.731,0.093
20748,39,R4211,R2,MWQ,Focus,1,3,233.074277,234.740872,-0.500004,3,228.740872,6,1,0.075,2.56,-0.856,-1.557
20764,39,R4211,R2,MWQ,Focus,1,4,307.563056,308.971351,-0.766732,4,302.971351,6,1,0.884,2.31,-0.179,-0.566
20780,39,R4211,R2,MWQ,Focus,1,3,381.635209,383.001847,-0.091758,5,377.001847,6,1,0.837,2.362,0.992,0.067
20799,39,R4211,R2,MWQ,Focus,1,2,464.448639,465.815255,0.184255,6,459.815255,6,1,-1.156,1.275,2.181,1.444
20844,39,R4211,R3,MWQ,Focus,1,2,16.757952,18.224592,0.308258,1,12.224592,6,1,0.264,1.184,2.25,1.088
20862,39,R4211,R3,MWQ,Focus,1,2,96.729846,98.296508,-0.798966,2,92.296508,6,1,0.271,1.651,0.817,-0.139
20993,39,R4211,R4,MWQ,Focus,1,1,10.058214,11.582857,-0.083114,1,5.582857,6,1,-0.84,2.555,0.203,-1.79
21019,39,R4211,R4,MWQ,Focus,1,1,114.770836,116.437397,-0.65837,2,110.437397,6,1,-1.554,1.9,-1.853,-1.505
21034,39,R4211,R4,MWQ,Focus,1,4,186.434665,187.842904,-0.766641,3,181.842904,6,1,0.082,1.294,0.68,1.314
21182,40,R4087,R1,MWQ,Focus,1,4,149.936106,151.352718,0.649932,2,145.352718,6,1,1.406,-0.067,0.453,0.507
21198,40,R4087,R1,MWQ,Focus,1,4,224.124904,225.583144,0.499979,3,219.583144,6,1,1.614,-0.169,0.097,0.542
21216,40,R4087,R1,MWQ,Focus,1,3,304.613452,306.221741,0.366597,4,300.221741,6,1,0.905,-1.301,0.411,-0.614
21231,40,R4087,R1,MWQ,Focus,1,3,376.069027,377.777092,0.208476,5,371.777092,6,1,1.031,-1.837,0.089,-0.19
21254,40,R4087,R1,MWQ,Focus,1,3,470.407047,472.065271,0.125393,6,466.065271,6,1,0.373,-0.755,0.235,0.382
21293,40,R4087,R2,MWQ,Focus,1,3,5.450035,6.87476199999999,0.158497,1,0.87476199999999,6,1,0.429,-1.205,0.052,0.617
21323,40,R4087,R2,MWQ,Focus,1,3,120.220568,121.687197,0.974928,2,115.687197,6,1,0.295,-1.077,0.923,-0.196
21338,40,R4087,R2,MWQ,Focus,1,3,191.64281,193.351077,0.549925,3,187.351077,6,1,-0.459,-0.726,0.733,0.537
21503,40,R4087,R3,MWQ,Focus,1,3,233.591208,235.249482,0.191608,3,229.249482,6,1,0.257,-0.49,2.193,0.653
21523,40,R4087,R3,MWQ,Focus,1,2,319.079562,320.487846,0.709217,4,314.487846,6,1,-0.138,-1.375,1.793,1.061
21538,40,R4087,R3,MWQ,Focus,1,2,390.176816,391.69343,1.441555,5,385.69343,6,1,-0.831,-0.276,-1.976,0.228
21553,40,R4087,R3,MWQ,Focus,1,3,461.640716,463.298955,-0.266672,6,457.298955,6,1,0.24,-1.789,0.647,0.259
21611,40,R4087,R4,MWQ,Focus,1,3,50.031637,51.606398,0.0925,1,45.606398,6,1,0.572,-0.992,-0.334,-0.3
21627,40,R4087,R4,MWQ,Focus,1,2,124.320422,125.928712,0.033272,2,119.928712,6,1,-0.783,-0.101,-0.054,-0.813
21763,41,R4071,R1,MWQ,Focus,1,4,54.806486,56.431218,0.700134,1,50.431218,6,1,2.019,-0.641,0.489,0.309
21779,41,R4071,R1,MWQ,Focus,1,4,129.211958,130.720202,-0.041677,2,124.720202,6,1,1.494,-0.197,0.499,-0.284
21794,41,R4071,R1,MWQ,Focus,1,4,200.975848,202.592476,-0.349878,3,196.592476,6,1,1.431,-0.294,0.041,0.123
21956,41,R4071,R2,MWQ,Focus,1,3,232.107929,233.716135,-0.199869,3,227.716135,6,1,-0.448,-1.015,0.641,-0.122
21973,41,R4071,R2,MWQ,Focus,1,3,308.304979,309.863255,-0.116752,4,303.863255,6,1,0.117,-1.572,0.936,-1.499
21988,41,R4071,R2,MWQ,Focus,1,3,380.210519,381.818803,-0.225049,5,375.818803,6,1,0.05,-1.786,0.172,-0.671
22003,41,R4071,R2,MWQ,Focus,1,3,451.5161,453.174367,-0.307732,6,447.174367,6,1,0.654,-2.099,0.712,-1.319
22048,41,R4071,R3,MWQ,Focus,1,3,5.208398,6.783138,-0.466497,1,0.783137999999997,6,1,-0.183,-1.509,-0.845,-1.088
22074,41,R4071,R3,MWQ,Focus,1,3,109.037695,110.704353,-0.158413,2,104.704353,6,1,-0.172,-0.765,-0.254,0.412
22093,41,R4071,R3,MWQ,Focus,1,2,191.559512,193.217773,-0.341774,3,187.217773,6,1,-1.616,-0.376,-0.168,0.053
22298,41,R4071,R4,MWQ,Focus,1,2,431.708484,433.275033,0.966589,6,427.275033,6,1,-0.473,0.218,-0.384,0.174
22350,42,R4085,R1,MWQ,Focus,1,3,4.900127,6.524885,1.033441,1,0.524884999999998,6,1,-0.062,0.152,2.143,0.318
22369,42,R4085,R1,MWQ,Focus,1,3,88.280234,89.69692,0.59992,2,83.69692,6,1,-0.015,0.403,0.743,0.427
22384,42,R4085,R1,MWQ,Focus,1,3,160.094259,161.819201,1.191544,3,155.819201,6,1,0.123,0.181,2.458,0.997
22402,42,R4085,R1,MWQ,Focus,1,2,241.291089,242.657733,2.074866,4,236.657733,6,1,0.13,0.245,1.613,0.985
22567,42,R4085,R2,MWQ,Focus,1,4,280.522747,282.031026,0.39161,4,276.031026,6,1,0.511,0.698,1.776,1.529
22586,42,R4085,R2,MWQ,Focus,1,2,363.286208,364.802874,0.866539,5,358.802874,6,1,-0.655,1.147,1.942,0.347
22604,42,R4085,R2,MWQ,Focus,1,4,443.924758,445.541412,0.016569,6,439.541412,6,1,0.294,0.596,1.93,0.975
22710,42,R4085,R3,MWQ,Focus,1,2,231.699592,233.216261,0.625759,3,227.216261,6,1,-0.214,0.395,2.227,1.121
22727,42,R4085,R3,MWQ,Focus,1,1,308.221618,309.688285,0.274902,4,303.688285,6,1,-0.459,0.922,0.413,1.478
22742,42,R4085,R3,MWQ,Focus,1,1,379.535509,381.202173,0.499867,5,375.202173,6,1,-0.611,0.619,1.566,0.984
22760,42,R4085,R3,MWQ,Focus,1,3,459.874111,461.34071,-0.12508,6,455.34071,6,1,0.02,0.897,2.228,1.124
22817,42,R4085,R4,MWQ,Focus,1,3,46.606528,48.281215,0.033498,1,42.281215,6,1,-0.164,0.948,1.489,0.752
22832,42,R4085,R4,MWQ,Focus,1,1,118.278719,119.995387,0.724811,2,113.995387,6,1,-0.787,0.561,2.049,1.555
23030,43,R4119,R1,MWQ,Focus,1,4,309.34676,311.063382,0.533243,4,305.063382,6,1,1.677,1.947,-0.095,-0.315
23045,43,R4119,R1,MWQ,Focus,1,4,380.810692,382.227376,0.29155,5,376.227376,6,1,1.604,1.915,-0.257,0.12
23064,43,R4119,R1,MWQ,Focus,1,4,464.082541,465.449112,-0.108379,6,459.449112,6,1,1.604,1.915,-0.257,0.12
23105,43,R4119,R2,MWQ,Focus,1,4,5.25007,6.824746,-0.23314,1,0.824746000000004,6,1,1.699,1.832,-0.222,-0.212
23121,43,R4119,R2,MWQ,Focus,1,4,79.763809,81.480469,-0.274639,2,75.480469,6,1,1.699,1.832,-0.222,-0.212
23136,43,R4119,R2,MWQ,Focus,1,4,151.136087,152.752722,-0.341765,3,146.752722,6,1,1.733,1.492,-0.209,-0.136
23158,43,R4119,R2,MWQ,Focus,1,4,243.032495,244.707452,-0.47505,4,238.707452,6,1,1.117,1.666,-0.396,-0.91
23260,43,R4119,R3,MWQ,Focus,1,4,17.174678,18.849582,-0.61669,1,12.849582,6,1,1.699,1.832,-0.222,-0.212
23281,43,R4119,R3,MWQ,Focus,1,4,105.621209,107.237849,-0.733389,2,101.237849,6,1,1.768,1.152,-0.196,-0.06
23299,43,R4119,R3,MWQ,Focus,1,4,186.21804,187.934709,-0.608371,3,181.934709,6,1,1.733,1.492,-0.209,-0.136
23475,43,R4119,R4,MWQ,Focus,1,4,288.614016,290.180652,-0.400081,4,284.180652,6,1,1.699,1.832,-0.222,-0.212
23497,43,R4119,R4,MWQ,Focus,1,4,378.360523,380.018789,-0.607408,5,374.018789,6,1,1.699,1.832,-0.222,-0.212
23519,43,R4119,R4,MWQ,Focus,1,4,471.315243,472.781865,-0.375037,6,466.781865,6,1,1.699,1.832,-0.222,-0.212
24258,45,R4662,R1,MWQ,Focus,1,4,422.851066,424.267654,0.791589,6,418.267654,6,1,1.124,0.949,0.266,-0.054
24321,45,R4662,R2,MWQ,Focus,1,4,28.424196,30.148898,0.308453,1,24.148898,6,1,1.354,0.666,0.774,-1.241
24529,45,R4662,R3,MWQ,Focus,1,3,277.448218,279.156465,-0.116691,4,273.156465,6,1,-0.692,-0.587,-0.828,0.175
24548,45,R4662,R3,MWQ,Focus,1,2,360.703457,362.11171,-0.016687,5,356.11171,6,1,-0.661,-0.584,-0.281,0.749
24564,45,R4662,R3,MWQ,Focus,1,2,434.434088,436.050703,0.074887,6,430.050703,6,1,0.039,-0.207,0.665,0.583
24622,45,R4662,R4,MWQ,Focus,1,2,25.190922,26.765657,0.716828,1,20.765657,6,1,-1.025,-0.039,-0.865,0.24
24637,45,R4662,R4,MWQ,Focus,1,3,97.021656,98.53825,0.416576,2,92.53825,6,1,0.74,0.444,0.756,-0.079
24654,45,R4662,R4,MWQ,Focus,1,2,173.6354,174.99369,0.241621,3,168.99369,6,1,-0.145,-1.063,-0.776,0.752
24669,45,R4662,R4,MWQ,Focus,1,2,245.441059,246.807721,0.291506,4,240.807721,6,1,-1.296,0.287,0.127,-0.787
24774,46,R4530,R1,MWQ,Focus,1,4,28.082437,29.448766,1.033492,1,23.448766,6,1,2.157,0.498,-0.454,1.09
24794,46,R4530,R1,MWQ,Focus,1,4,113.387511,115.104168,0.416561,2,109.104168,6,1,2.169,0.091,0.84,0.919
24813,46,R4530,R1,MWQ,Focus,1,4,196.267761,197.984364,-0.375094,3,191.984364,6,1,1.153,0.566,0.427,1.778
24921,46,R4530,R2,MWQ,Focus,1,4,16.616307,18.290999,-0.391496,1,12.290999,6,1,1.46,0.342,-0.076,1.743
24939,46,R4530,R2,MWQ,Focus,1,2,97.979834,99.438113,0.724901,2,93.438113,6,1,0.374,-0.373,1.49,0.953
24956,46,R4530,R2,MWQ,Focus,1,2,174.501966,176.218529,0.016528,3,170.218529,6,1,0.293,0.08,0.321,-0.457
25148,46,R4530,R3,MWQ,Focus,1,None,349.386743,350.994814,,5,344.994814,6,1,0.001,0.009,0.003,-0.007
25173,46,R4530,R3,MWQ,Focus,1,None,450.407843,451.72454,,6,445.72454,6,1,0.001,0.009,0.003,-0.007
25282,46,R4530,R4,MWQ,Focus,1,4,271.906449,273.373075,-0.441701,4,267.373075,6,1,1.181,0.325,0.282,2.43
25302,46,R4530,R4,MWQ,Focus,1,3,358.344796,360.003078,0.1666,5,354.003078,6,1,0.824,0.057,0.479,2.016
25324,46,R4530,R4,MWQ,Focus,1,4,449.991284,451.349322,0.358539,6,445.349322,6,1,1.322,0.652,1.904,0.373
25446,47,R4487,R1,MWQ,Focus,1,4,338.19568,339.903875,-0.116686,5,333.903875,6,1,0.691,-0.851,-1.369,0.47
25476,47,R4487,R1,MWQ,Focus,1,3,453.30786,454.924525,0.074894,6,448.924525,6,1,-0.298,-1.262,0.273,1.432
25540,47,R4487,R2,MWQ,Focus,1,2,61.281254,62.905974,0.466826,1,56.905974,6,1,-1.781,-0.427,1.04,0.459
25555,47,R4487,R2,MWQ,Focus,1,2,132.82015,134.23683,1.86647,2,128.23683,6,1,-1.36,-1.963,-0.243,0.215
25742,47,R4487,R3,MWQ,Focus,1,4,291.52224,292.988926,-0.441752,4,286.988926,6,1,-0.294,-0.056,0.854,0.085
25760,47,R4487,R3,MWQ,Focus,1,3,372.469164,373.985783,0.024899,5,367.985783,6,1,-0.703,-1.126,1.203,-0.322
25781,47,R4487,R3,MWQ,Focus,1,2,461.749039,463.307272,0.049948,6,457.307272,6,1,-1.117,-1.404,0.67,0.579
25834,47,R4487,R4,MWQ,Focus,1,3,37.498833,38.923518,0.158513,1,32.923518,6,1,0.484,-0.783,-0.907,0.388
25851,47,R4487,R4,MWQ,Focus,1,3,113.979154,115.437429,0.016644,2,109.437429,6,1,0.139,-1.474,0.333,-0.809
25974,48,R4509,R1,MWQ,Focus,1,4,5.399992,6.924735,1.275154,1,0.924734999999998,6,1,0.674,0.382,0.816,-1.064
25994,48,R4509,R1,MWQ,Focus,1,4,90.988438,92.705073,0.458159,2,86.705073,6,1,0.866,1.486,0.62,-1.047
26018,48,R4509,R1,MWQ,Focus,1,3,189.04298,190.609655,1.649838,3,184.609655,6,1,-0.462,-0.989,-1.033,0.075
26033,48,R4509,R1,MWQ,Focus,1,2,260.456891,261.773586,1.091525,4,255.773586,6,1,-0.948,0.353,-0.088,-1.783
26125,48,R4509,R2,MWQ,Focus,1,2,4.808403,6.23312499999999,1.225151,1,0.233124999999994,6,1,-1.72,0.303,-0.911,0.054
26143,48,R4509,R2,MWQ,Focus,1,4,84.922007,86.338565,0.349963,2,80.338565,6,1,0.6,1.198,0.974,-0.537
26162,48,R4509,R2,MWQ,Focus,1,4,168.443702,170.110398,0.174885,3,164.110398,6,1,-0.265,2.016,1.067,-3.156
26326,48,R4509,R3,MWQ,Focus,1,3,207.36716,208.983829,0.033267,3,202.983829,6,1,-0.247,0.632,0.523,-1.331
26342,48,R4509,R3,MWQ,Focus,1,1,281.105968,282.814011,1.066798,4,276.814011,6,1,-1.655,-0.787,0.165,-1.068
26365,48,R4509,R3,MWQ,Focus,1,3,375.877282,377.343877,1.424898,5,371.343877,6,1,-0.44,-0.334,-0.773,-0.64
26381,48,R4509,R3,MWQ,Focus,1,2,450.316091,451.674166,2.533354,6,445.674166,6,1,-1.313,-0.348,0.533,-0.58
26497,48,R4509,R4,MWQ,Focus,1,3,293.038837,294.555453,0.149949,4,288.555453,6,1,0.138,0.444,0.186,-0.203
26517,48,R4509,R4,MWQ,Focus,1,1,378.827162,380.452162,-0.300123,5,374.452162,6,1,-2.081,-0.69,0.142,-0.225
26533,48,R4509,R4,MWQ,Focus,1,2,453.024292,454.532346,0.708441,6,448.532346,6,1,-1.262,0.528,-0.365,-0.174
26637,49,R4169,R1,MWQ,Focus,1,4,234.199726,235.658012,0.824926,3,229.658012,6,1,0.338,0.879,-0.953,0.949
26657,49,R4169,R1,MWQ,Focus,1,3,320.004778,321.66306,1.083232,4,315.66306,6,1,0.716,-0.251,-0.316,-0.685
26672,49,R4169,R1,MWQ,Focus,1,2,391.302061,392.618688,1.174921,5,386.618688,6,1,-0.551,0.705,-1.674,-0.55
26687,49,R4169,R1,MWQ,Focus,1,2,462.366055,463.92429,1.374901,6,457.92429,6,1,-0.839,0.749,-1.015,-1.097
26740,49,R4169,R2,MWQ,Focus,1,3,36.698811,38.323516,0.591834,1,32.323516,6,1,0.576,-0.224,0.385,-0.731
26757,49,R4169,R2,MWQ,Focus,1,2,113.179207,114.537508,0.674918,2,108.537508,6,1,-0.416,1.02,-0.142,-2.039
26776,49,R4169,R2,MWQ,Focus,1,2,196.29273,197.809322,0.74989,3,191.809322,6,1,-0.235,-0.507,-1.258,-0.64
26949,49,R4169,R3,MWQ,Focus,1,2,289.089124,290.59737,0.5342,4,284.59737,6,1,-0.514,0.43,-1.944,0.21
26964,49,R4169,R3,MWQ,Focus,1,4,360.994679,362.611352,0.633197,5,356.611352,6,1,1.027,0.589,-1.145,-0.481
26980,49,R4169,R3,MWQ,Focus,1,2,434.833493,436.241654,0.858376,6,430.241654,6,1,-0.145,0.019,-0.141,-0.064
27031,49,R4169,R4,MWQ,Focus,1,3,5.008441,6.383146,1.550054,1,0.383145999999996,6,1,0.422,0.865,-1.195,0.114
27047,49,R4169,R4,MWQ,Focus,1,3,79.005538,80.613582,0.62515,2,74.613582,6,1,0.066,-0.501,-1.341,-0.216
27075,49,R4169,R4,MWQ,Focus,1,1,188.551274,190.167888,0.283273,3,184.167888,6,1,-1.116,0.458,-1.403,0.468
27246,50,R4659,R1,MWQ,Focus,1,3,275.139589,276.864526,1.833209,4,270.864526,6,1,-0.635,0.711,1.042,-0.248
27272,50,R4659,R1,MWQ,Focus,1,4,379.452224,380.868913,-0.150101,5,374.868913,6,1,1.245,1.565,1.081,-0.49
27287,50,R4659,R1,MWQ,Focus,1,4,451.007798,452.724434,-0.633384,6,446.724434,6,1,1.07,1.035,-0.813,0.34
27333,50,R4659,R2,MWQ,Focus,1,3,4.899866,6.624513,0.083516,1,0.624513,6,1,0.319,0.83,-1.603,-0.472
27355,50,R4659,R2,MWQ,Focus,1,3,96.912968,98.321197,0.508268,2,92.321197,6,1,0.26,1.018,-1.367,-1.161
27376,50,R4659,R2,MWQ,Focus,1,3,185.376158,186.8428,-0.091623,3,180.8428,6,1,0.398,1.382,-1,-0.673
27391,50,R4659,R2,MWQ,Focus,1,2,256.490066,258.148352,1.274893,4,252.148352,6,1,-0.124,0.818,-1.542,0.551
27484,50,R4659,R3,MWQ,Focus,1,3,5.30842200000004,7.02499900000004,-0.616657,1,1.02499900000004,6,1,-0.091,0.766,-1.036,1.428
27500,50,R4659,R3,MWQ,Focus,1,3,79.913898,81.480562,-0.507281,2,75.480562,6,1,-0.128,-0.375,-0.505,1.075
27516,50,R4659,R3,MWQ,Focus,1,2,154.111021,155.677675,-0.300094,3,149.677675,6,1,-0.376,0.534,-0.271,0.307
27535,50,R4659,R3,MWQ,Focus,1,2,236.832803,238.341083,0.28419,4,232.341083,6,1,-0.273,0.15,-0.669,-0.184
27699,50,R4659,R4,MWQ,Focus,1,2,274.581237,276.03954,0.133284,4,270.03954,6,1,-1.274,0.373,-0.594,0.175
27714,50,R4659,R4,MWQ,Focus,1,2,345.98676,347.695024,0.208339,5,341.695024,6,1,-0.812,-0.827,0.08,-0.948
27748,50,R4659,R4,MWQ,Focus,1,3,473.256871,474.623525,0.308256,6,468.623525,6,1,0.151,0.086,-0.867,0.314
27787,51,R4500,R1,MWQ,Focus,1,3,7.77498500000002,9.39128400000001,2.083473,1,3.39128400000001,6,1,0.872,-1.28,-1.097,-0.349
27817,51,R4500,R1,MWQ,Focus,1,2,121.945595,123.403631,1.558421,2,117.403631,6,1,-1.444,1.082,-0.321,-0.635
28016,51,R4500,R2,MWQ,Focus,1,4,346.97853,348.445155,-0.166754,5,342.445155,6,1,1.622,0.179,-0.705,0.765
28035,51,R4500,R2,MWQ,Focus,1,3,430.358649,431.716893,0.60826,6,425.716893,6,1,-0.807,-0.39,2.217,1.572
28156,51,R4500,R3,MWQ,Focus,1,3,294.172194,295.63891,0.466471,4,289.63891,6,1,0.143,0.761,0.04,-2.073
28171,51,R4500,R3,MWQ,Focus,1,1,365.636088,366.952758,0.608252,5,360.952758,6,1,-1.973,-0.329,-0.216,-0.044
28196,51,R4500,R3,MWQ,Focus,1,2,465.61559,467.22383,0.491625,6,461.22383,6,1,-2.31,0.674,-2.091,0.862
28239,51,R4500,R4,MWQ,Focus,1,3,4.80846099999999,6.533112,0.250169,1,0.533111999999996,6,1,0.745,0.639,-1.145,0.931
28258,51,R4500,R4,MWQ,Focus,1,3,88.888427,90.49671,0.32493,2,84.49671,6,1,-0.18,-0.987,0.634,0.979
28275,51,R4500,R4,MWQ,Focus,1,2,165.093855,166.560531,0.483211,3,160.560531,6,1,-0.835,-1.293,1.121,1.516
28295,51,R4500,R4,MWQ,Focus,1,1,251.582208,253.240431,0.859135,4,247.240431,6,1,-1.299,-1.608,1.141,0.424
28441,52,R4235,R1,MWQ,Focus,1,4,209.767276,211.075593,-0.033378,3,205.075593,6,1,0.925,0.348,0.891,1.75
28462,52,R4235,R1,MWQ,Focus,1,4,299.397283,301.005503,-0.358354,4,295.005503,6,1,0.759,1.698,1.44,1.045
28478,52,R4235,R1,MWQ,Focus,1,4,374.12768,375.744379,-0.500082,5,369.744379,6,1,0.759,1.698,1.44,1.045
28503,52,R4235,R1,MWQ,Focus,1,3,473.298934,474.823903,0.566582,6,468.823903,6,1,0.344,0.4,-0.719,2.392
28622,52,R4235,R2,MWQ,Focus,1,3,351.561678,353.278345,-0.275082,5,347.278345,6,1,0.552,0.309,0.811,1.761
28640,52,R4235,R2,MWQ,Focus,1,4,433.208546,434.666839,-0.275041,6,428.666839,6,1,1.22,0.236,-0.584,1.099
28697,52,R4235,R3,MWQ,Focus,1,4,19.782893,21.407604,-0.491244,1,15.407604,6,1,1.633,-1.557,-1.589,-0.038
28718,52,R4235,R3,MWQ,Focus,1,4,109.521145,110.829404,-0.375024,2,104.829404,6,1,2.076,-0.629,-1.591,0.044
28733,52,R4235,R3,MWQ,Focus,1,4,180.685121,182.201758,-0.608407,3,176.201758,6,1,1.791,-0.382,-1.695,1.041
28748,52,R4235,R3,MWQ,Focus,1,4,251.857409,253.524023,-0.766695,4,247.524023,6,1,1.662,0.21,-0.418,-1.457
28847,52,R4235,R4,MWQ,Focus,1,4,16.408032,18.032774,-0.183194,1,12.032774,6,1,2.007,0.222,0.364,-0.378
28871,52,R4235,R4,MWQ,Focus,1,3,113.887694,115.30437,-0.141769,2,109.30437,6,1,0.517,-0.669,1.638,-0.736
28890,52,R4235,R4,MWQ,Focus,1,3,196.55965,197.967651,-0.215545,3,191.967651,6,1,0.429,-0.433,-1.642,1.501
29035,53,R4678,R1,MWQ,Focus,1,4,152.010967,153.327636,0.941587,2,147.327636,6,1,2.023,0.012,0.258,-0.476
29050,53,R4678,R1,MWQ,Focus,1,4,223.224978,224.841588,0.549882,3,218.841588,6,1,2.034,-0.116,-0.936,-0.197
29067,53,R4678,R1,MWQ,Focus,1,4,300.430288,301.896904,0.533263,4,295.896904,6,1,2.093,-0.074,0.119,-0.287
29082,53,R4678,R1,MWQ,Focus,1,4,372.144208,373.860824,0.183218,5,367.860824,6,1,2.03,-0.161,-0.41,-0.312
29100,53,R4678,R1,MWQ,Focus,1,4,453.29107,455.007683,2.142083,6,449.007683,6,1,1.892,-0.071,-0.363,0.467
29155,53,R4678,R2,MWQ,Focus,1,3,34.690638,36.157277,0.183259,1,30.157277,6,1,0.417,0.409,-0.902,-0.857
29178,53,R4678,R2,MWQ,Focus,1,3,129.428665,131.095292,0.733192,2,125.095292,6,1,0.417,0.409,-0.902,-0.857
29296,53,R4678,R3,MWQ,Focus,1,4,5.166675,6.791486,-0.066575,1,0.791485999999999,6,1,2.097,-0.029,-0.407,-0.172
29311,53,R4678,R3,MWQ,Focus,1,4,76.497239,77.805497,-0.158329,2,71.805497,6,1,2.034,-0.116,-0.936,-0.197
29341,53,R4678,R3,MWQ,Focus,1,4,191.309435,193.017521,-0.166522,3,187.017521,6,1,2.16,0.058,0.122,-0.146
29505,53,R4678,R4,MWQ,Focus,1,3,230.174702,231.491327,0.783211,3,225.491327,6,1,0.241,-0.853,-1.577,-1.143
29529,53,R4678,R4,MWQ,Focus,1,4,328.029168,329.745801,-0.116737,4,323.745801,6,1,1.893,-0.977,-0.296,-0.337
29544,53,R4678,R4,MWQ,Focus,1,4,399.726379,401.351377,-0.51675,5,395.351377,6,1,2.065,-0.501,-0.397,-0.236
29559,53,R4678,R4,MWQ,Focus,1,3,471.098602,472.765267,0.192695,6,466.765267,6,1,0.423,0.047,0.071,-1.035
29649,54,R4610,R1,MWQ,Focus,1,4,210.008853,211.675506,-0.100101,3,205.675506,6,1,1.396,-1.936,-0.682,-0.804
29668,54,R4610,R1,MWQ,Focus,1,4,293.972325,295.58901,-0.366833,4,289.58901,6,1,1.3,-0.075,-1.205,-1.503
29684,54,R4610,R1,MWQ,Focus,1,4,367.561098,369.077775,-0.216775,5,363.077775,6,1,1.576,-0.31,-1.172,-1.394
29699,54,R4610,R1,MWQ,Focus,1,4,438.874995,440.183185,0.650049,6,434.183185,6,1,1.24,-1.256,-1.314,-1.063
29827,54,R4610,R2,MWQ,Focus,1,3,343.753657,345.370228,1.458203,5,339.370228,6,1,-0.29,-1.417,0.014,-0.411
29843,54,R4610,R2,MWQ,Focus,1,3,418.242363,419.758979,0.933255,6,413.758979,6,1,-0.014,-1.303,-0.12,0.239
29901,54,R4610,R3,MWQ,Focus,1,4,7.583294,9.307985,-0.790835,1,3.30798499999999,6,1,1.098,-1.208,-0.598,-0.331
29923,54,R4610,R3,MWQ,Focus,1,3,100.146346,101.562955,0.983259,2,95.562955,6,1,-0.961,-0.429,-0.483,0.03
29941,54,R4610,R3,MWQ,Focus,1,3,180.743196,182.159869,0.191565,3,176.159869,6,1,-0.464,-1.287,-0.153,0.122
29957,54,R4610,R3,MWQ,Focus,1,3,254.931965,256.448636,0.31655,4,250.448636,6,1,0.022,-0.817,-0.869,-0.379
30051,54,R4610,R4,MWQ,Focus,1,4,4.850154,6.324865,-0.324851,1,0.324864999999996,6,1,0.785,-0.859,-0.507,-0.603
30069,54,R4610,R4,MWQ,Focus,1,3,85.013634,86.33026,0.683262,2,80.33026,6,1,0.421,-1.104,-0.646,0.113
30209,55,R4538,R1,MWQ,Focus,1,None,26.774282,28.348999,,1,22.348999,6,1,0.001,0.009,0.003,-0.007
30224,55,R4538,R1,MWQ,Focus,1,None,98.688228,100.104923,,2,94.104923,6,1,0.001,0.009,0.003,-0.007
30239,55,R4538,R1,MWQ,Focus,1,None,169.985579,171.552219,,3,165.552219,6,1,0.001,0.009,0.003,-0.007
30362,55,R4538,R2,MWQ,Focus,1,4,31.065748,32.640434,0.34189,1,26.640434,6,1,1.995,0.534,1.309,1.175
30378,55,R4538,R2,MWQ,Focus,1,4,105.713036,107.371191,-0.133307,2,101.371191,6,1,1.732,1.334,1.739,1.572
30393,55,R4538,R2,MWQ,Focus,1,4,177.71868,179.076915,-0.207826,3,173.076915,6,1,1.453,1.091,0.92,0.739
30409,55,R4538,R2,MWQ,Focus,1,4,251.099232,252.565879,-0.350105,4,246.565879,6,1,1.239,0.598,0.292,0.922
30575,55,R4538,R3,MWQ,Focus,1,4,295.1475,296.714139,-0.616749,4,290.714139,6,1,1.343,0.828,-1.505,0.741
30590,55,R4538,R3,MWQ,Focus,1,4,366.653132,368.269785,-0.708407,5,362.269785,6,1,1.417,-0.326,-1.719,1.098
30614,55,R4538,R3,MWQ,Focus,1,3,464.407777,465.874392,0.326032,6,459.874392,6,1,1.044,-0.365,-1.798,1.109
30666,55,R4538,R4,MWQ,Focus,1,4,36.857249,38.581991,-0.758175,1,32.581991,6,1,2.189,0.952,1.17,-0.365
30871,56,R4519,R1,MWQ,Focus,1,4,277.356672,279.023307,-0.374345,4,273.023307,6,1,0.849,-0.935,0.279,0.517
30890,56,R4519,R1,MWQ,Focus,1,4,360.33694,361.953552,-0.433408,5,355.953552,6,1,1.057,-0.512,0.084,0.862
30916,56,R4519,R1,MWQ,Focus,1,3,463.099739,464.766352,0.091615,6,458.766352,6,1,-0.182,0.004,1.286,2.117
31013,56,R4519,R2,MWQ,Focus,1,4,224.741818,226.458475,-0.450084,3,220.458475,6,1,1.388,0.36,-0.07,1.029
31029,56,R4519,R2,MWQ,Focus,1,4,298.680765,300.147291,-0.424982,4,294.147291,6,1,0.399,0.48,0.055,-0.137
31044,56,R4519,R2,MWQ,Focus,1,4,369.936426,371.661375,-0.391762,5,365.661375,6,1,0.704,0.904,0.112,0.349
31066,56,R4519,R2,MWQ,Focus,1,4,462.649569,464.016238,-0.208454,6,458.016238,6,1,1.693,1.946,0.448,0.825
31108,56,R4519,R3,MWQ,Focus,1,3,5.200062,6.67473100000001,-0.266454,1,0.674731000000008,6,1,-0.074,-0.494,0.734,0.537
31136,56,R4519,R3,MWQ,Focus,1,3,114.237645,115.745855,-0.225005,2,109.745855,6,1,0.256,0.263,0.686,1.057
31152,56,R4519,R3,MWQ,Focus,1,4,188.059868,189.526488,-0.258427,3,183.526488,6,1,1.612,0.335,0.49,1.308
31262,56,R4519,R4,MWQ,Focus,1,4,14.74976,16.374411,-0.632176,1,10.374411,6,1,0.939,0.919,0.573,0.374
31283,56,R4519,R4,MWQ,Focus,1,4,105.046302,106.612917,-0.500031,2,100.612917,6,1,0.165,0.949,0.728,1.3
31302,56,R4519,R4,MWQ,Focus,1,4,187.918113,189.634773,-0.741736,3,183.634773,6,1,0.194,0.554,-0.11,0.356
31410,57,R4661,R1,MWQ,Focus,1,2,5.05008000000001,6.62477700000002,0.891839,1,0.624777000000023,6,1,-0.173,-1.615,-1.183,-0.666
31434,57,R4661,R1,MWQ,Focus,1,3,103.179812,104.696397,-0.508384,2,98.696397,6,1,-0.309,-0.372,-1.043,-1.134
31451,57,R4661,R1,MWQ,Focus,1,3,179.743574,181.151861,-0.158378,3,175.151861,6,1,-0.061,-1.027,0.258,-0.154
31612,57,R4661,R2,MWQ,Focus,1,3,209.900693,211.409013,-0.400036,3,205.409013,6,1,-0.985,0.602,-0.283,-0.929
31628,57,R4661,R2,MWQ,Focus,1,3,284.031304,285.597927,-0.408422,4,279.597927,6,1,-0.348,0.193,0.193,0.044
31646,57,R4661,R2,MWQ,Focus,1,3,364.328205,365.794886,-0.633413,5,359.794886,6,1,0.309,-0.309,-0.762,-0.183
31663,57,R4661,R2,MWQ,Focus,1,3,440.94202,442.650246,-0.76669,6,436.650246,6,1,0.025,0.478,0.204,-1.181
31727,57,R4661,R3,MWQ,Focus,1,3,48.2733710000001,49.9481320000001,-0.324839,1,43.948132,6,1,-1.534,0.167,0.065,-0.641
31931,57,R4661,R4,MWQ,Focus,1,3,286.506028,287.814418,-0.400023,4,281.814418,6,1,-0.41,0.296,-0.462,0.177
31946,57,R4661,R4,MWQ,Focus,1,3,357.71182,359.269903,-0.558206,5,353.269903,6,1,-0.636,-0.387,-0.452,1.676
31975,57,R4661,R4,MWQ,Focus,1,1,470.440841,472.057442,-0.600016,6,466.057442,6,1,-0.773,0.567,-0.002,-0.905
32078,58,R4544,R1,MWQ,Focus,1,4,275.589914,277.206624,-0.107608,4,271.206624,6,1,0.936,2.525,1.545,-0.82
32108,58,R4544,R1,MWQ,Focus,1,None,390.860643,392.22724,,5,386.22724,6,1,0.338,1.71,0.785,-0.177
32123,58,R4544,R1,MWQ,Focus,1,3,461.907976,463.366175,1.258273,6,457.366175,6,1,-0.361,-0.859,-0.013,0.24
32165,58,R4544,R2,MWQ,Focus,1,1,5.300014,6.77481700000001,0.850115,1,0.774817000000006,6,1,-1.006,0.812,0.354,-2.102
32187,58,R4544,R2,MWQ,Focus,1,3,97.013307,98.329834,1.908269,2,92.329834,6,1,0.307,1.035,-0.058,-2.178
32202,58,R4544,R2,MWQ,Focus,1,1,168.477244,169.785511,0.399944,3,163.785511,6,1,-0.622,-0.104,0.326,-0.562
32218,58,R4544,R2,MWQ,Focus,1,2,242.64113,244.007699,1.141593,4,238.007699,6,1,-0.407,-0.624,0.031,-0.226
32369,58,R4544,R3,MWQ,Focus,1,2,215.892195,217.608787,0.516476,3,211.608787,6,1,-0.321,-0.866,-0.82,0.926
32384,58,R4544,R3,MWQ,Focus,1,None,288.197714,289.772706,,4,283.772706,6,1,-0.288,-0.133,0.596,-0.081
32400,58,R4544,R3,MWQ,Focus,1,1,362.278234,363.844889,0.833211,5,357.844889,6,1,-1.016,0.735,-0.123,-1.219
32423,58,R4544,R3,MWQ,Focus,1,None,457.158012,458.566256,,6,452.566256,6,1,-0.377,0.143,-0.092,-1.218
32467,58,R4544,R4,MWQ,Focus,1,1,5.400105,6.82478,-0.033156,1,0.824779999999997,6,1,-1.03,0.247,-1.036,-0.95
32484,58,R4544,R4,MWQ,Focus,1,1,81.438832,82.747097,0.183315,2,76.747097,6,1,-0.937,0.132,0.381,-1.95
32499,58,R4544,R4,MWQ,Focus,1,1,152.794458,154.361136,2.649791,3,148.361136,6,1,-1.156,0.927,-0.121,-0.59
32515,58,R4544,R4,MWQ,Focus,1,1,227.233301,228.591368,1.591788,4,222.591368,6,1,-1.298,-0.221,-2.23,-0.427
32622,59,R4524,R1,MWQ,Focus,1,4,16.766325,18.382676,0.775145,1,12.382676,6,1,0.172,-0.797,2.031,-0.717
32647,59,R4524,R1,MWQ,Focus,1,4,118.454168,120.120781,0.508232,2,114.120781,6,1,0.196,0.179,-0.727,-1.134
32825,59,R4524,R2,MWQ,Focus,1,4,224.291753,225.708395,-0.608422,3,219.708395,6,1,0.172,0.18,0.624,-0.031
32844,59,R4524,R2,MWQ,Focus,1,4,306.913628,308.521845,-0.858337,4,302.521845,6,1,-0.591,0.043,0.384,0.921
32862,59,R4524,R2,MWQ,Focus,1,4,387.152246,388.760331,-0.574872,5,382.760331,6,1,-0.214,-0.032,1.018,-1.401
32881,59,R4524,R2,MWQ,Focus,1,3,470.465716,472.082389,-0.091769,6,466.082389,6,1,-0.66,-0.103,0.777,-0.955
32987,59,R4524,R3,MWQ,Focus,1,4,282.922888,284.489563,0.426027,4,278.489563,6,1,0.327,0.068,-0.006,0.781
33012,59,R4524,R3,MWQ,Focus,1,4,384.560661,386.218975,-0.308379,5,380.218975,6,1,-0.224,-0.392,0.72,-0.484
33027,59,R4524,R3,MWQ,Focus,1,4,455.816358,457.232989,-0.316741,6,451.232989,6,1,-0.139,1.194,0.616,0.639
33074,59,R4524,R4,MWQ,Focus,1,3,14.382994,15.907714,-0.241503,1,9.907714,6,1,0.159,-1.43,0.96,0.223
33096,59,R4524,R4,MWQ,Focus,1,4,107.004523,108.621109,-0.58338,2,102.621109,6,1,-0.042,0.99,2.5,-0.14
33112,59,R4524,R4,MWQ,Focus,1,4,181.293349,182.951594,0.074949,3,176.951594,6,1,-0.875,1.281,0.052,-1.904
33127,59,R4524,R4,MWQ,Focus,1,4,252.648969,254.165624,-0.541771,4,248.165624,6,1,-1.273,1.771,-0.3,-2.064
33289,60,R4132,R1,MWQ,Focus,1,4,282.123023,283.431336,-0.12506,4,277.431336,6,1,1.648,0.452,0.559,0.118
33304,60,R4132,R1,MWQ,Focus,1,4,353.920373,355.486962,-0.583382,5,349.486962,6,1,0.601,0.18,0.439,0.742
33328,60,R4132,R1,MWQ,Focus,1,4,452.574945,453.933242,-0.466691,6,447.933242,6,1,1.299,1.219,0.997,-0.078
33390,60,R4132,R2,MWQ,Focus,1,3,54.523225,55.997921,0.616746,1,49.997921,6,1,-0.608,1.349,0.051,-0.003
33405,60,R4132,R2,MWQ,Focus,1,3,125.895455,127.212114,0.324923,2,121.212114,6,1,0.431,0.344,0.404,0.098
33421,60,R4132,R2,MWQ,Focus,1,3,199.626007,201.342614,-5.49999999999162E-05,3,195.342614,6,1,-0.21,-0.267,0.124,-1.246
33598,60,R4132,R3,MWQ,Focus,1,4,331.537325,332.84566,-0.0917,5,326.84566,6,1,0.896,0.256,1.044,-0.361
33613,60,R4132,R3,MWQ,Focus,1,4,402.593041,404.209655,-0.383418,6,398.209655,6,1,1.071,0.069,1.171,-0.651
33689,60,R4132,R4,MWQ,Focus,1,4,47.03155,48.506463,0.033541,1,42.506463,6,1,1.609,1.046,0.319,-0.297
33919,61,R4447,R1,MWQ,Focus,1,4,387.169131,388.585819,0.124901,5,382.585819,6,1,1.527,0.381,-0.121,1.46
33934,61,R4447,R1,MWQ,Focus,1,4,458.233142,459.899802,-0.441743,6,453.899802,6,1,0.826,1.49,-0.773,1.873
33978,61,R4447,R2,MWQ,Focus,1,4,7.633271,9.058021,-0.024855,1,3.058021,6,1,1.156,0.683,-0.586,0.981
33994,61,R4447,R2,MWQ,Focus,1,3,81.738863,83.405525,-0.350091,2,77.405525,6,1,0.456,1.182,0.71,1.036
34023,61,R4447,R2,MWQ,Focus,1,3,193.776309,195.092929,0.141638,3,189.092929,6,1,-0.121,0.259,-1.127,1.172
34136,61,R4447,R3,MWQ,Focus,1,3,28.574233,30.248941,-0.148723,1,24.248941,6,1,0.26,0.229,-1.074,0.718
34346,61,R4447,R4,MWQ,Focus,1,4,283.497882,285.106046,-0.041663,4,279.106046,6,1,1.387,0.309,-0.981,0.201
34367,61,R4447,R4,MWQ,Focus,1,3,371.402822,373.119438,-0.25005,5,367.119438,6,1,-0.795,0.25,-0.958,0.153
34391,61,R4447,R4,MWQ,Focus,1,4,470.315795,471.982405,-0.150111,6,465.982405,6,1,0.588,0.913,-1.572,0.965
34431,62,R4268,R1,MWQ,Focus,1,2,7.62481,8.94954400000001,1.258416,1,2.94954400000001,6,1,0.465,-1.03,-1.236,-0.099
34446,62,R4268,R1,MWQ,Focus,1,2,78.997101,80.555377,1.349911,2,74.555377,6,1,0.105,-1.115,-0.901,0.405
34468,62,R4268,R1,MWQ,Focus,1,4,170.993737,172.51035,-0.466755,3,166.51035,6,1,1.279,-0.45,-1.707,-0.731
34585,62,R4268,R2,MWQ,Focus,1,4,17.007809,18.58255,-0.474864,1,12.58255,6,1,0.445,0.406,-1.517,-0.228
34604,62,R4268,R2,MWQ,Focus,1,3,99.646316,101.26293,-0.341706,2,95.26293,6,1,0.219,1.025,-1.438,-1.052
34619,62,R4268,R2,MWQ,Focus,1,3,171.560261,172.976957,-0.175098,3,166.976957,6,1,-0.052,-0.097,-0.859,0.565
34786,62,R4268,R3,MWQ,Focus,1,4,218.333739,219.750276,-0.632189,3,213.750276,6,1,0.099,0.743,-2.141,-2.169
34801,62,R4268,R3,MWQ,Focus,1,3,289.747685,291.464346,-0.208429,4,285.464346,6,1,-0.383,0.418,-2.229,-1.836
34820,62,R4268,R3,MWQ,Focus,1,3,372.935996,374.25282,-0.208332,5,368.25282,6,1,0.329,0.125,-1.805,-0.582
34842,62,R4268,R3,MWQ,Focus,1,4,464.641097,466.157709,-0.700013,6,460.157709,6,1,-0.066,2.094,-1.591,-2.874
34934,62,R4268,R4,MWQ,Focus,1,3,209.550419,211.217093,-0.716753,3,205.217093,6,1,-0.101,0.636,-1.144,-0.04
34958,62,R4268,R4,MWQ,Focus,1,3,307.296735,308.963358,-0.333381,4,302.963358,6,1,-1.088,0.812,0.48,1.843
34979,62,R4268,R4,MWQ,Focus,1,3,396.726683,398.193345,-0.766714,5,392.193345,6,1,0.315,-0.713,-1.953,0.608
34995,62,R4268,R4,MWQ,Focus,1,1,470.165588,471.682236,-0.433396,6,465.682236,6,1,-0.716,-0.111,-1.839,1.24
35106,63,R4255,R1,MWQ,Focus,1,4,298.086698,299.547092,-0.131512,4,293.547092,6,1,1.025,1.739,0.736,1.352
35127,63,R4255,R1,MWQ,Focus,1,4,387.685403,389.104083,-0.273483,5,383.104083,6,1,1.495,1.56,-1.163,1.239
35144,63,R4255,R1,MWQ,Focus,1,4,464.641561,466.06023,-0.507129,6,460.06023,6,1,0.796,1.392,-1.184,1.467
35242,63,R4255,R2,MWQ,Focus,1,4,227.147,228.757567,-0.731291,3,222.757567,6,1,1.524,1.388,-0.412,1.096
35260,63,R4255,R2,MWQ,Focus,1,4,307.633125,309.243729,-0.598654,4,303.243729,6,1,1.605,0.68,1.213,2.555
35276,63,R4255,R2,MWQ,Focus,1,4,381.593535,382.912022,-0.064408,5,376.912022,6,1,1.21,0.656,1.023,2.799
35291,63,R4255,R2,MWQ,Focus,1,4,452.841857,454.510875,-0.548517,6,448.510875,6,1,1.727,1.5,0.897,0.19
35344,63,R4255,R3,MWQ,Focus,1,4,27.855112,29.482129,-0.423179,1,23.482129,6,1,1.49,1.691,-0.222,1.831
35362,63,R4255,R3,MWQ,Focus,1,4,108.458008,110.076865,-0.807221,2,104.076865,6,1,1.945,1.329,-0.023,2.18
35380,63,R4255,R3,MWQ,Focus,1,4,189.002548,190.721585,-0.890579,3,184.721585,6,1,-0.068,0.557,0.353,-0.121
35488,63,R4255,R4,MWQ,Focus,1,4,7.685905,9.054419,-0.390279,1,3.054419,6,1,1.528,0.611,-0.327,1.603
35507,63,R4255,R4,MWQ,Focus,1,4,89.916035,91.384727,-0.50702,2,85.384727,6,1,1.562,0.271,-0.314,1.679
35522,63,R4255,R4,MWQ,Focus,1,4,161.765086,163.375714,-0.590233,3,157.375714,6,1,0.143,0.763,-0.546,1.117
35537,63,R4255,R4,MWQ,Focus,1,3,233.213818,234.832738,-0.54861,4,228.832738,6,1,-1.242,1.085,0.315,1.555
35643,64,R4258,R1,MWQ,Focus,1,4,19.410394,21.087433,0.778934,1,15.087433,6,1,1.234,-0.69,1.416,-0.875
35668,64,R4258,R1,MWQ,Focus,1,4,120.015901,121.434538,-0.123226,2,115.434538,6,1,1.68,-0.77,0.881,0.01
35792,64,R4258,R2,MWQ,Focus,1,4,14.002892,15.721727,-0.513683,1,9.721727,6,1,1.248,-1.646,-0.298,-1.331
35814,64,R4258,R2,MWQ,Focus,1,4,105.070254,106.438797,-0.415357,2,100.438797,6,1,1.213,-1.306,-0.312,-1.407
35829,64,R4258,R2,MWQ,Focus,1,4,176.059898,177.728898,-0.456725,3,171.728898,6,1,1.338,-1.989,1.297,-1.46
35847,64,R4258,R2,MWQ,Focus,1,4,256.595962,258.306661,-0.932269,4,252.306661,6,1,1.445,-1.773,0.419,-0.875
36019,64,R4258,R3,MWQ,Focus,1,4,346.136253,347.655039,0.169751,5,341.655039,6,1,1.217,-1.261,-0.838,-1.291
36046,64,R4258,R3,MWQ,Focus,1,4,452.44962,453.918357,-0.189966,6,447.918357,6,1,1.336,-1.178,1.273,-1.472
36147,64,R4258,R4,MWQ,Focus,1,4,224.434912,226.15395,-0.448252,3,220.15395,6,1,1.153,-1.348,-1.367,-1.316
36162,64,R4258,R4,MWQ,Focus,1,4,296.834815,298.445362,-0.715428,4,292.445362,6,1,1.343,-1.087,0.221,-1.241
36177,64,R4258,R4,MWQ,Focus,1,3,368.72572,370.436381,-0.247256,5,364.436381,6,1,0.78,-1.387,-1.446,-1.305
36203,64,R4258,R4,MWQ,Focus,1,4,471.600945,473.211503,-0.406671,6,467.211503,6,1,-0.092,-1.406,-1.513,-2.062
36251,65,R4497,R1,MWQ,Focus,1,3,32.269804,33.89686,2.348288,1,27.89686,6,1,1.115,1.058,1.103,0.44
36266,65,R4497,R1,MWQ,Focus,1,4,103.476482,104.986857,0.736441,2,98.986857,6,1,1.541,1.233,-0.082,1.139
36281,65,R4497,R1,MWQ,Focus,1,4,174.657992,176.118342,0.30244,3,170.118342,6,1,1.574,0.575,-0.571,1.057
36473,65,R4497,R2,MWQ,Focus,1,4,321.110046,322.670529,0.486156,4,316.670529,6,1,1.222,0.478,-0.877,0.344
36488,65,R4497,R2,MWQ,Focus,1,3,392.892486,394.202574,1.044921,5,388.202574,6,1,1.48,-0.784,-0.506,0.533
36503,65,R4497,R2,MWQ,Focus,1,3,464.140883,465.601181,0.410868,6,459.601181,6,1,1.275,-0.894,0.262,0.291
36608,65,R4497,R3,MWQ,Focus,1,4,274.696066,276.406743,0.361167,4,270.406743,6,1,1.694,-0.021,-0.617,-0.788
36627,65,R4497,R3,MWQ,Focus,1,4,358.303056,359.972092,0.319271,5,353.972092,6,1,1.264,-0.632,-0.369,0.372
36652,65,R4497,R3,MWQ,Focus,1,3,459.442632,460.811249,0.711129,6,454.811249,6,1,0.064,-0.767,-1.218,-0.725
36703,65,R4497,R4,MWQ,Focus,1,4,28.205849,29.933065,-0.0308,1,23.933065,6,1,0.583,-0.557,-1.426,0.073
36720,65,R4497,R4,MWQ,Focus,1,4,105.178771,106.739282,0.160702,2,100.739282,6,1,0.848,-0.572,-1.464,0.153
36740,65,R4497,R4,MWQ,Focus,1,4,191.255891,192.87485,-0.239829,3,186.87485,6,1,1.693,-0.902,0.684,0.114
