unique_ID,RNUM,counter,Task,Detail,Modality,Emotion
5,R3262,2.334844,-0.772,0.705,0.329,-0.358
27,R3262,2.685187,0.081,0.325,1.183,-0.176
46,R3262,2.484971,-1.18,1.456,1.076,-0.182
210,R3262,2.785298,-0.44,0.859,0.32,0.319
231,R3262,2.67682,-0.833,0.072,0.871,0.617
248,R3262,8.097793,-0.431,0.376,0.219,0.412
264,R3262,4.611883,-2.048,-0.508,-0.43,-0.416
305,R3262,7.814238,-1.206,0.07,0.589,-0.184
334,R3262,4.953456,-0.653,0.79,0.553,0.341
350,R3262,5.55437,-0.701,0.315,-0.496,0.806
543,R3262,5.470624,-1.007,-0.071,0.19,0.678
670,R3678,2.927102,1.996,2.001,0.506,-0.814
687,R3678,7.780895,-0.755,0.119,1.145,-1.953
703,R3678,4.803614,-1.013,0.639,1.287,-0.182
757,R3678,5.053841,-0.019,0.579,2.663,0.327
776,R3678,2.176797,0.262,0.074,2.181,0.736
800,R3678,7.346708,-0.717,0.918,2.057,1.175
958,R3678,4.962147,1.093,1.661,-1.813,0.434
979,R3678,2.476748,-0.86,-0.813,-1.465,0.212
1004,R3678,4.71153,-1.063,-0.85,1.452,1
1019,R3678,2.377077,1.724,1.573,0.336,-0.801
1072,R3678,5.153565,-0.812,-0.435,2.04,1.346
1093,R3678,2.835372,-0.781,-0.78,2.304,1.13
1279,R2595,5.053393,-1.013,-0.54,0.913,1.172
1295,R2595,5.270592,0.056,-2.351,0.799,0.119
1319,R2595,2.13482,-0.082,-2.175,0.682,0.844
1368,R2595,2.72688,-0.839,-1.708,-0.01,-0.872
1387,R2595,5.161874,-0.317,-0.239,-0.703,-2.027
1526,R2595,7.530387,0.67,-2.16,-0.216,-0.403
1725,R2595,5.270853,0.514,-2.678,-0.119,-0.567
1751,R2595,5.662316,-1.019,-0.066,1.293,-0.595
1774,R2595,2.535186,-0.866,-1.023,0.875,0.38
1913,R4052,2.426745,-0.17,1.496,-1.164,0.601
2029,R4052,2.327111,-1.627,1.194,-0.631,-0.608
2044,R4052,2.276955,-1.595,1.76,-1.584,-2.748
2070,R4052,2.685218,-1.293,1.611,-1.354,-2.166
2128,R4052,2.376532,-2.817,2.014,-0.804,-0.132
2151,R4052,4.861589,-1.071,0.761,-1.175,-0.158
2267,R4052,4.853316,-2.445,0.049,-1.374,-0.25
2285,R4052,2.735317,-2.437,1.325,-1.608,-0.974
2305,R4052,7.84697,-1.582,1.333,-0.861,-0.621
2321,R4052,5.162269,-1.953,1.984,-1.598,-1.72
2437,R4167,4.911746,0.524,0.479,0.496,1.393
2452,R4167,2.885822,-1.153,-0.285,0.121,-1.251
2568,R4167,2.427121,-0.07,-0.577,-0.351,1.361
2600,R4167,2.685181,-1.245,-0.119,-0.46,0.877
2810,R4167,2.927051,0.633,-0.059,-0.952,1.18
2825,R4167,2.427325,0.157,-0.211,0.597,-0.388
2934,R4167,5.362476,-0.534,0.677,0.573,-0.575
2967,R4167,2.426621,-0.781,-0.474,-0.128,0.151
2983,R4167,4.762133,-0.302,0.183,-0.142,0.978
3098,R4047,2.477136,-0.638,-0.528,-1.603,0.826
3123,R4047,2.376614,-0.304,-0.512,-1.514,0.465
3173,R4047,5.554246,-0.105,-0.713,-1.484,0.098
3199,R4047,2.885395,-0.511,-0.432,-1.582,1.207
3351,R4047,2.477079,0.027,-0.258,-1.417,0.698
3366,R4047,2.377114,0.088,-0.001,-1.396,0.289
3383,R4047,7.505723,-0.648,-1.286,-1.397,2.188
3398,R4047,2.485458,-0.665,-1.625,-1.525,2.132
3414,R4047,5.52094,-0.32,-0.689,-1.473,1.566
3432,R4047,2.835386,-0.143,0.202,-1.742,-0.31
3482,R4047,4.803317,0.324,0.048,-1.449,-0.021
3628,R3884,2.576736,0.422,1.63,-1.365,0.303
3648,R3884,5.261973,0.974,1.265,-1.556,0.627
3839,R3884,2.635554,0.453,0.917,-1.635,0.611
3862,R3884,2.826947,0.453,0.917,-1.635,0.611
3889,R3884,2.877064,-0.27,1.102,-1.706,0.56
3938,R3884,8.247451,0.08,0.878,-1.714,0.622
3953,R3884,2.535499,0.138,0.801,-1.614,0.625
3974,R3884,2.726921,0.418,1.257,-1.648,0.535
4156,R3884,2.776952,0.453,0.917,-1.635,0.611
4176,R3884,5.103592,0.104,1.141,-1.627,0.549
4191,R3884,2.535357,0.104,1.141,-1.627,0.549
4283,R3946,2.576882,-0.187,1.409,-0.655,0.003
4299,R3946,4.653672,-0.642,-0.038,0.017,-0.548
4327,R3946,2.576728,-0.248,1.055,-0.892,1.196
4342,R3946,2.535414,0.144,0.885,0.42,-0.103
4389,R3946,4.97011,0.167,-0.465,1.787,-1.074
4404,R3946,2.577217,0.642,0.057,0.159,-0.136
4532,R3946,5.053875,-0.592,0.8,0.558,-0.187
4551,R3946,2.735326,0.173,1.061,0.717,-0.682
4772,R3946,7.73034,-1.064,0.064,0.468,0.987
4792,R3946,5.353739,-0.776,0.478,-0.408,-0.747
4885,R4053,4.962134,0.576,1.045,-0.05,0.546
4910,R4053,2.827008,0.673,1.319,-0.003,0.426
4925,R4053,2.485486,1.127,0.577,0.014,0.764
4941,R4053,5.053917,0.716,0.421,0.339,-0.126
5056,R4053,7.738678,-0.717,0.168,-0.811,-0.788
5072,R4053,5.220863,-1.334,-0.29,-0.738,1.066
5096,R4053,2.585271,-0.855,-0.373,-0.595,0.965
5135,R4053,2.877481,-1.326,0.032,0.353,0.643
5150,R4053,2.727257,-0.27,0.406,0.241,0.089
5175,R4053,2.726891,-0.638,0.187,0.411,0.618
5289,R4053,2.176428,0.284,0.035,0.405,0.071
5305,R4053,4.862033,-1.668,-0.392,0.813,0.615
5323,R4053,2.635215,-1.632,-0.682,0.231,0.863
5342,R4053,5.011722,-1.234,-0.424,0.105,0.543
5438,R3891,5.153796,0.133,0.403,0.562,-0.842
5453,R3891,2.435434,-0.498,0.269,0.264,-0.061
5470,R3891,8.39793,-0.229,0.494,1.167,1.18
5493,R3891,2.435077,-1.66,0.493,0.691,-0.788
5657,R3891,2.385405,-0.391,-1.145,-0.728,0.22
5673,R3891,5.370824,-1.221,0.091,-0.805,0.174
5694,R3891,2.626767,-0.943,0.074,-1.359,0.651
5755,R3891,2.426618,-0.411,-1.201,-0.094,0.55
5770,R3891,2.635519,-1.081,-0.599,-0.298,-0.07
5785,R3891,2.677202,0.274,0.56,-1.417,-1.757
5948,R3891,2.484979,0.185,0.927,-0.15,0.269
5964,R3891,5.020645,-0.64,0.067,-0.296,-2.023
5983,R3891,4.961723,-0.067,-1.949,2.143,0.254
6000,R3891,8.089281,-0.939,-0.217,-0.653,-0.34
6050,R4140,2.435047,-0.395,-0.687,-0.136,-1.7
6066,R4140,5.312599,-0.415,-1.976,0.175,-1.642
6081,R4140,2.827381,-0.916,-1.237,0.061,-1.162
6097,R4140,5.012293,-0.034,-2.221,0.093,-2.256
6230,R4140,2.285356,-0.274,-0.441,0.424,-0.341
6252,R4140,5.353678,-0.585,-0.136,-0.462,-1.669
6268,R4140,5.10396,-1.274,0.34,0.364,-3.129
6283,R4140,2.735673,-0.756,2.439,-0.471,-3.075
6304,R4140,7.538599,-0.333,-0.975,0.886,-0.58
6400,R4140,7.180109,-0.864,-0.29,0.284,-0.477
6415,R4140,2.326962,-0.132,0.123,0.044,-2.44
6441,R4140,2.476726,-0.513,-0.21,-0.003,-1.253
6456,R4140,2.777289,-0.875,-0.287,-0.26,-0.844
6502,R4140,5.562164,-0.967,-0.884,-0.037,0.958
6526,R4140,2.776864,-0.506,0.73,0.122,-2.678
6648,R4302,2.826911,-0.574,0.9,0.167,0.139
6678,R4302,2.877068,-0.539,0.942,-0.043,1.22
6801,R4302,2.326576,-1.147,-0.307,-0.518,1.184
6816,R4302,2.827427,0.418,-0.823,0.625,0.641
6839,R4302,11.074324,-0.844,-0.373,-1.182,0.114
6854,R4302,2.527225,0.895,-0.21,-1.022,0.092
7022,R4302,7.639039,1.02,-0.676,0.481,-0.561
7037,R4302,2.3855,-0.907,-0.716,-0.5,1.307
7148,R4302,2.485603,0.718,-0.33,-0.816,0.726
7167,R4302,5.270385,-0.331,-1.356,-1.501,2.584
7192,R4302,5.211987,-0.605,0.976,0.022,0.425
7211,R4302,4.970073,-1.434,-0.243,-0.644,0.667
7250,R4275,5.020469,1.566,0.685,1.253,-0.197
7265,R4275,2.477053,1.329,0.747,0.369,1.122
7288,R4275,2.726902,0.723,1.033,0.626,1.211
7303,R4275,2.627165,1.167,1.382,0.72,0.002
7469,R4275,2.676812,1.2,1.027,-0.098,-0.374
7484,R4275,2.68559,0.642,0.936,0.539,0.231
7507,R4275,7.697078,-0.532,0.169,1.034,-0.269
7623,R4275,4.911745,-0.437,0.504,0.026,0.5
7639,R4275,4.812058,0.913,0.78,-0.444,0.773
7658,R4275,4.861734,0.037,1.578,0.104,0.422
7715,R4275,2.7769,-1.284,0.626,-0.023,1.418
7730,R4275,2.83582,-1.019,0.787,0.237,0.798
7905,R4307,2.577076,-1.218,0.234,0.984,-0.599
7921,R4307,5.21234,-1.381,0.047,0.025,1.607
7939,R4307,2.176434,-0.408,0.69,-0.174,-0.038
7965,R4307,5.262054,-0.73,-0.455,0.343,2.185
8007,R4307,2.176417,-0.551,0.616,0.009,-0.404
8022,R4307,2.685767,-1.043,1.576,-0.135,-0.639
8037,R4307,2.66058,-0.85,-0.192,0.106,0.543
8052,R4307,2.835721,-0.714,-0.173,0.214,0.192
8067,R4307,2.727319,-0.948,-0.155,0.597,0.76
8159,R4307,2.726879,0.101,-0.537,-0.434,-0.385
8181,R4307,2.384919,-1.084,-0.051,-0.641,-0.259
8362,R4307,4.920094,-1.357,-0.767,-1.102,0.395
8388,R4307,2.426662,-1.789,-0.253,0.069,1.824
8403,R4307,2.626995,-0.86,-0.067,-0.418,0.663
8418,R4307,2.727284,-0.605,-2.468,0.453,-0.881
8461,R4220,2.676935,0.392,0.012,-0.875,-0.095
8478,R4220,7.138633,0.905,0.438,-0.315,-0.095
8493,R4220,2.477134,0.758,-0.372,0.358,-1.026
8511,R4220,2.685302,-0.524,-0.28,-0.934,-0.687
8624,R4220,7.838756,-0.088,-1.48,-1.748,-0.411
8644,R4220,2.776984,1.177,-1.375,-1.915,1.121
8804,R4220,7.229996,0.806,-1.295,-1.694,0.508
8822,R4220,2.376592,0.278,-1.013,-0.155,0.484
8838,R4220,5.262239,1.206,-1.271,-0.198,2.963
8853,R4220,2.385402,-0.253,-0.931,0.621,1.944
8871,R4220,2.626829,0.073,1.289,2.193,1.483
8973,R4220,2.585554,1.75,-1.019,-1.161,-0.474
8996,R4220,8.189148,0.209,-1.097,0.492,0.729
9018,R4220,2.626856,0.711,-0.652,-0.136,0.39
9070,R4007,8.289001,2.292,-0.068,1.21,-0.136
9085,R4007,2.527174,1.887,1.241,0.962,-1.153
9293,R4007,5.353835,-1.025,0.328,-0.788,1.349
9309,R4007,5.412508,-1.68,-0.463,0.097,-1.004
9324,R4007,2.527144,-1.235,-0.342,1.638,1.94
9420,R4007,7.688802,-1.749,0.461,-0.35,-0.205
9440,R4007,2.476624,-0.872,0.22,-0.028,0.669
9460,R4007,2.52665,-0.05,0.088,2.29,-1.379
9476,R4007,5.40417,-0.236,-0.79,0.196,0.158
9516,R4007,7.539004,-1.585,0.287,0.677,-0.597
9665,R3773,2.627085,0.268,-2.511,0.3,-1.468
9685,R3773,5.061948,-0.605,-2.337,0.602,-0.755
9700,R3773,2.427112,-0.054,-1.855,0.029,-1.093
9720,R3773,4.853363,-0.781,-2.005,1.304,-1.619
9826,R3773,2.626757,-0.913,-1.953,0.033,-1.376
9848,R3773,2.426666,0.05,-1.704,0.933,-1.639
10038,R3773,2.484955,-1.922,-0.204,0.81,0.497
10053,R3773,2.685594,-1.718,-0.723,1.358,-0.056
10080,R3773,7.396816,-0.8,-1.367,2.255,-0.186
10175,R3773,2.735174,-0.862,-2.488,1.763,1.202
10197,R3773,2.535184,-0.853,0.925,2.154,-0.15
10212,R3773,2.627323,-1.491,0.774,2.167,0.064
10230,R3773,2.526716,-0.258,-2.098,0.411,-1.006
10350,R4239,2.776801,-1.755,-0.664,1.541,0.638
10375,R4239,5.311921,-1.489,-0.006,0.366,0.906
10421,R4239,5.154004,0.642,0.448,0.176,-0.891
10442,R4239,2.326549,1.067,0.688,-0.265,-0.478
10465,R4239,2.585112,-2.264,-0.835,-0.342,0.885
10571,R4239,2.527296,1.996,2.001,0.506,-0.814
10589,R4239,2.226417,0.27,-1.945,-0.151,1.547
10614,R4239,2.6768,-0.373,0.877,0.593,1.629
10795,R4239,4.719856,-1.274,-0.6,0.601,1.505
10820,R4239,2.526261,-1.476,-0.393,1.869,2.001
10835,R4239,2.535342,-2.169,-0.972,2.123,2.087
10873,R3557,2.577282,1.514,-2.453,0.446,-0.722
10889,R3557,5.16208,1.212,-2.163,0.238,-1.51
11110,R3557,5.204162,0.521,-0.4,0.899,-1.754
11232,R3557,7.488421,-0.274,-1.8,1.26,0.223
11251,R3557,5.312002,-0.132,-1.706,0.36,0.321
11266,R3557,2.527015,1.212,-2.163,0.238,-1.51
11288,R3557,2.726859,-0.737,-0.974,2.381,-0.031
11327,R3557,5.062181,0.268,-2.511,0.3,-1.468
11346,R3557,5.020107,0.034,-0.362,-0.395,-0.966
11364,R3557,2.776897,1.212,-2.163,0.238,-1.51
11555,R3111,4.803339,0.797,0.513,1.088,0.124
11579,R3111,2.626822,-0.219,-0.67,1.348,0.398
11645,R3111,2.276522,-0.664,-0.505,0.819,1.682
11661,R3111,5.012149,0.706,0.804,0.725,2.322
11842,R3111,5.312337,0.395,1.217,1.038,-0.78
11865,R3111,4.911693,0.433,0.216,-0.155,0.807
11891,R3111,2.935364,-0.871,-1.007,-0.7,0.545
11943,R3111,2.42669,-1.079,0.24,1.29,-0.283
11959,R3111,5.003968,0.193,1.577,-0.451,0.501
11974,R3111,2.777316,0.839,0.237,1.027,1.616
12101,R4236,2.726848,0.012,-0.432,-0.233,-1.099
12298,R4236,4.803251,-0.131,-1.234,-0.253,-0.224
12321,R4236,7.797127,-0.305,-1.382,-0.07,-1.251
12338,R4236,7.88916,-1.518,-1.346,-1.354,0.076
12464,R4236,2.585211,-1.095,-0.904,-0.882,2.005
12487,R4236,2.426638,-0.506,-0.523,-1.282,1.096
12545,R4236,5.320359,-1.404,-0.659,-1.859,0.081
12561,R4236,5.304042,-0.88,-0.505,-0.855,-0.769
12695,R4088,2.626792,0.123,-1.002,0.264,-1.043
12710,R4088,2.626816,-0.639,-1.286,-0.186,0.376
12887,R4088,2.927047,-1.861,0.045,-0.842,-0.192
12909,R4088,2.368576,-0.39,-0.57,1.262,0.472
12924,R4088,2.877062,-0.08,-1.385,0.003,-1.328
12940,R4088,4.961742,0.624,-1.291,-0.866,-0.437
13000,R4088,5.503761,-0.7,0,-0.599,-0.473
13021,R4088,2.635223,-0.141,-0.297,0.18,0.599
13216,R4088,5.253593,0.374,-0.675,0.144,-0.713
13251,R4088,2.526719,-1.169,-0.448,0.346,0.833
13293,R4204,5.603864,-1.043,0.277,-0.833,0.412
13310,R4204,7.780422,-0.828,-1.046,0.179,0.228
13328,R4204,2.676814,-0.521,0.218,0.406,-0.148
13490,R4204,2.726865,-1.218,0.573,1.291,-0.951
13505,R4204,2.626923,-1.879,-0.187,2.317,-0.534
13520,R4204,2.476611,-1.339,-1.325,1.705,-0.688
13546,R4204,8.180686,-1.072,-1.488,1.249,-0.075
13592,R4204,5.103357,-0.71,-0.494,1.151,-0.305
13612,R4204,8.08903,-0.887,-0.265,1.4,-0.139
13637,R4204,2.676765,-1.603,1.064,1.999,1.387
13794,R4204,2.585084,-0.124,0.822,0.091,-0.514
13810,R4204,5.103426,-2.584,0.663,-1.126,-2.001
13825,R4204,2.885456,-1.993,1.546,0.325,-2.054
13843,R4204,2.276575,-0.387,1.409,1.219,-1.573
13944,R4065,2.777019,0.695,-1.237,-0.326,-1.115
13968,R4065,7.238241,-0.356,-1.257,-0.565,0.026
13987,R4065,2.4767,-0.306,-1.615,-0.324,0.932
14002,R4065,2.726908,-0.186,-2.205,-0.497,1.536
14044,R4065,2.376638,-0.231,-1.666,1.032,-0.808
14063,R4065,5.153591,0.328,-0.651,-0.245,0.158
14083,R4065,5.462171,-0.687,-0.52,0.936,-0.109
14102,R4065,5.153563,-0.142,-0.577,-0.774,2.363
14264,R4065,7.83039,-0.363,-0.204,-0.173,-0.302
14293,R4065,2.626758,-1.625,-0.819,-0.64,0.214
14308,R4065,2.526785,-0.79,-1.484,-0.294,-1.603
14357,R4065,5.153431,-0.92,0.018,-0.034,0.301
14376,R4065,4.861713,-0.484,-1.603,-0.395,-0.629
14504,R4131,2.676949,-0.152,-0.509,1.33,-0.119
14524,R4131,8.230739,1.291,-0.118,0.874,0.162
14661,R4131,2.326534,-1.694,-0.185,0.238,1.459
14676,R4131,2.726841,0.206,-0.699,1.727,0.762
14862,R4131,5.312026,-0.036,-0.548,1.343,1.365
14882,R4131,2.576804,-0.922,-1.397,0.55,1.348
14904,R4131,4.969796,-1.123,0.058,0.98,2.229
14992,R4131,7.780339,-0.087,1.275,-0.243,-0.278
15010,R4131,2.677017,-1.507,-0.076,0.176,0.768
15025,R4131,2.426542,-0.409,0.791,1.046,-1.173
15044,R4131,5.203565,-0.925,0.142,0.575,2.337
15060,R4131,5.153467,-1.179,0.181,0.551,0.611
15172,R4222,2.476704,-0.099,-0.04,0.879,1.61
15189,R4222,7.688682,0.49,-0.335,0.409,0.034
15204,R4222,2.77695,1.195,0.7,-0.29,0.247
15260,R4222,2.576805,-0.067,-0.266,1.138,0.464
15279,R4222,2.635168,0.435,0.586,0.307,-0.145
15295,R4222,4.861785,-0.25,0.661,0.315,0.375
15310,R4222,2.776972,-0.608,-0.16,0.091,-0.879
15405,R4222,7.580087,-0.898,1.211,-1.256,-0.934
15424,R4222,2.676822,-0.651,0.61,-0.269,-0.551
15448,R4222,2.826972,-0.679,0.566,-0.214,-0.526
15633,R4222,2.726932,-1.025,1.174,0.178,-0.715
15649,R4222,4.86175,-1.241,1.25,-0.274,-0.002
15667,R4222,2.826896,-0.922,0.902,-0.23,-0.317
15711,R4165,2.877056,0.398,-0.097,1.175,-0.96
15735,R4165,8.289109,-0.255,-0.156,-0.686,0.493
15750,R4165,2.785362,-0.672,-0.534,0.112,-0.51
15935,R4165,7.580125,-1.023,-0.649,0.525,0.511
15961,R4165,2.526748,-0.97,-0.837,-0.637,-0.469
16060,R4165,5.412163,-0.478,-0.278,-0.196,-1.438
16075,R4165,2.176411,-0.439,-0.905,0.889,-0.045
16100,R4165,3.402791,-1.056,-0.858,0.806,1.045
16119,R4165,5.462087,-0.808,-0.41,0.27,-0.306
16170,R4165,2.376716,0.295,-0.823,0.203,0.086
16186,R4165,5.41218,0.025,-1.015,0.372,-0.126
16201,R4165,2.626741,-0.377,-1.326,0.198,0.18
16390,R4315,2.876998,0.134,-0.036,-1.125,-0.309
16405,R4315,2.476632,-0.509,-0.536,-0.373,0.06
16421,R4315,5.871227,0.16,0.157,-1.343,1.323
16533,R4315,5.453797,0.749,0.467,-1.189,-0.802
16549,R4315,5.553872,-0.045,-0.15,-0.422,0.651
16567,R4315,2.526698,0.295,0.318,-1.321,0.993
16616,R4315,2.894132,1.553,-0.916,0.09,1.339
16637,R4315,2.226591,0.691,0.506,0.341,1.966
16653,R4315,4.953479,0.62,2.065,-1.278,0.18
16767,R4315,2.676766,-2.791,0.669,-0.673,-1.183
16785,R4315,2.526639,-0.252,0.462,-0.611,0.611
16804,R4315,5.011872,-1.013,0.61,-0.396,-0.224
16986,R3380,2.626935,0.175,0.366,0.146,0.328
17004,R3380,2.776943,1.114,-0.094,-0.806,0.578
17019,R3380,2.585165,0.948,0.451,-1.082,-0.737
17114,R3380,2.701892,0.302,0.691,-1.72,-0.719
17129,R3380,2.610073,0.578,0.457,-1.688,-0.61
17151,R3380,7.129916,-0.107,-0.45,0.495,0.877
17166,R3380,2.626905,-0.586,0.774,-1.495,-1.191
17215,R3380,2.626928,-0.847,0.038,0.226,-0.715
17238,R3380,2.576735,-0.419,-0.179,-0.195,0.157
17253,R3380,2.476733,0.176,1.012,-0.364,-0.824
17370,R3380,4.753309,0.299,0.27,-0.813,0.624
17393,R3380,2.426557,0.079,-0.144,0.277,0.624
17411,R3380,2.52674,-0.652,-0.331,0.552,-0.628
17556,R3385,2.476659,2.001,-0.024,2.385,-1.112
17571,R3385,2.485026,1.98,0.183,2.377,-1.158
17587,R3385,5.503837,0.926,-0.001,2.143,-1.11
17610,R3385,2.77691,0.476,-0.333,2.11,-0.058
17626,R3385,4.87008,1.833,-0.223,2.582,-1.297
17737,R3385,2.58514,0.904,-0.847,1.821,-0.713
17755,R3385,2.877007,-0.05,-0.108,2.201,1.39
17777,R3385,2.576865,-1.001,0.287,-0.506,-1.082
17819,R3385,2.735159,1.373,0.048,2.182,-1.168
17834,R3385,2.726882,-0.621,-0.48,2.065,1.343
17851,R3385,7.480207,-1.22,0.178,1.938,0.185
17878,R3385,7.580226,-0.863,-0.333,1.574,-1.141
17986,R3385,2.676838,-0.653,-0.426,2.116,-0.701
18001,R3385,2.726973,1.336,-0.205,2.334,-1.28
18016,R3385,2.876991,-0.159,-0.825,1.916,-0.188
18122,R4505,5.399485,0.898,-0.538,1.229,-0.947
18145,R4505,5.399788,-0.519,-0.11,-0.162,-0.677
18160,R4505,2.674714,0.346,-1.153,1.605,-1.205
18180,R4505,2.274607,-0.064,0.36,0.691,-1.44
18347,R4505,2.425019,0.566,0.103,-0.843,-0.272
18363,R4505,4.749849,0.683,-0.312,0.384,-0.469
18382,R4505,5.350122,0.993,-0.69,1.271,-1.362
18464,R4505,5.249811,1.454,-1.066,0.29,-0.228
18479,R4505,2.724849,1.104,-1.192,0.54,-0.264
18494,R4505,2.424937,0.989,-1.182,0.032,-1.037
18509,R4505,2.474818,0.654,-0.543,0.71,-1.496
18527,R4505,2.174717,0.151,-1.713,-0.356,-1.297
18580,R4505,7.72465,0.348,0.024,-0.488,-1.215
18603,R4505,5.150099,0.942,-1.576,0.141,0.146
18619,R4505,5.000162,1.319,-1.045,0.756,-0.3
18735,R4482,5.050137,1.181,0.897,1.307,0.583
18759,R4482,2.475256,-1.823,0.576,-0.623,-2.633
18918,R4482,5.149721,-1.025,0.649,-0.292,1.304
18933,R4482,2.475038,0.094,0.447,0.468,0.136
18949,R4482,5.249748,-0.27,1.067,0.183,-2.113
18967,R4482,2.575106,-0.76,0.619,0.767,-1.73
18985,R4482,2.524865,0.596,0.122,0.367,0.4
19034,R4482,2.574757,0.031,1.548,-0.365,-1.027
19052,R4482,2.724864,-0.952,1.027,-0.738,-1.527
19068,R4482,4.799474,-1.158,1.066,-0.479,0.772
19243,R4482,7.525052,-1.152,1.698,-0.529,-1.123
19258,R4482,2.675242,-2.054,1.503,0.224,-0.723
19277,R4482,2.724912,-2.262,1.809,-0.572,-0.805
19337,R4507,2.424817,-1.071,-0.007,0.342,-0.441
19362,R4507,2.524927,1.131,0.481,1.563,-1.305
19573,R4507,2.524939,-2.454,0.132,0.274,-0.378
19588,R4507,2.775075,-1.881,-0.169,1.395,-1.588
19632,R4507,5.049596,-0.946,-0.142,-0.597,0.616
19651,R4507,5.34975,-0.97,-0.057,-0.718,0.622
19678,R4507,4.800155,-0.709,0.884,0.668,-0.846
19826,R4507,5.299893,-1.214,0.643,-0.289,-0.313
19845,R4507,4.949555,-0.589,-0.425,-0.43,1.857
19860,R4507,2.625257,-0.465,0.926,0.263,-0.633
19880,R4507,7.424499,-1.828,0.578,0.672,-0.074
19895,R4507,2.324759,-0.837,-0.42,-0.367,0.942
19941,R4508,2.72479,0.465,1.602,0.919,1.139
19965,R4508,5.199716,0.829,1.966,0.506,-0.54
19980,R4508,2.625107,-0.33,1.091,0.055,1.347
20091,R4508,5.099678,-0.215,1.294,1.375,0.178
20117,R4508,5.149931,-1.062,0.435,0.806,1.996
20299,R4508,2.224695,0.032,-1.081,-0.045,1.942
20322,R4508,7.724608,-0.36,0.171,1.367,0.353
20337,R4508,2.374824,-0.545,-1.279,0.788,0.293
20413,R4508,2.775098,-0.254,-0.164,-0.421,1.064
20432,R4508,5.199683,-0.904,-0.797,0.492,0.983
20448,R4508,4.866125,-0.233,-0.968,0.952,0.824
20466,R4508,2.374704,-1.543,-0.492,1.358,0.193
20482,R4508,5.500062,-0.953,-0.395,0.366,0.832
20498,R4508,5.099623,0.489,0.25,0.233,0.545
20537,R4211,2.44116,1.351,1.519,2.652,-1.038
20552,R4211,2.224595,0.7,1.486,1.635,0.669
20570,R4211,2.783206,0.402,1.865,1.988,1.756
20595,R4211,7.674841,0.2,1.342,-1.409,1.036
20698,R4211,2.474561,1.46,2.278,2.196,-0.7
20715,R4211,7.824796,1.404,2.282,0.614,-0.494
20891,R4211,2.77486,1.563,1.259,2.236,-0.471
20917,R4211,2.424646,-0.445,1.566,-1.109,-0.078
20933,R4211,5.199638,-1.505,0.366,0.543,-2.342
20951,R4211,2.775121,-0.411,0.769,0.122,-0.77
21067,R4211,5.349834,-0.171,3.072,0.992,-1.141
21085,R4211,2.774732,0.05,1.807,-1.289,-0.727
21100,R4211,2.524718,-1.307,0.661,1.212,0.442
21142,R4087,4.949583,1.528,-1.825,0.106,-0.701
21361,R4087,5.699762,-0.481,-1.826,0.171,-0.186
21376,R4087,2.875,-1.115,-1.72,0.459,1.153
21399,R4087,2.57506,-0.056,-1.157,0.037,-0.013
21443,R4087,2.524624,-0.135,-1.033,0.321,0.282
21461,R4087,2.374719,-0.488,-0.346,0.263,0.52
21650,R4087,2.374567,-0.807,-0.364,-0.14,-0.74
21671,R4087,7.024398,0.018,-0.824,1.135,0.263
21686,R4087,2.424688,-0.142,-1.798,1.45,0.59
21707,R4087,2.674875,-0.142,-0.684,-0.114,1.263
21816,R4071,2.725211,-1.171,-1.339,-0.398,-0.073
21839,R4071,2.575129,-1.803,-0.296,-0.912,0.707
21854,R4071,2.674878,-0.741,-1.748,-1.058,0.077
21896,R4071,2.533177,-0.874,-0.294,0.017,-1.055
21929,R4071,5.099939,-2.159,0.304,-0.843,1.98
22115,R4071,4.899705,-0.198,-1.024,-1.028,1.604
22144,R4071,5.04988,-0.761,-0.672,0.474,0.951
22159,R4071,2.725182,-1.38,0.187,-0.834,-0.206
22199,R4071,4.59967,-1.025,0.039,0.27,1.068
22218,R4071,2.675036,-0.356,-0.057,-0.482,-0.204
22233,R4071,2.575137,-0.795,-0.532,1.153,1.175
22248,R4071,2.524743,-1.418,0.302,0.664,0.896
22265,R4071,8.124761,-0.997,-0.375,0.532,0.732
22435,R4085,2.47511,-0.216,0.566,1.719,0.687
22456,R4085,7.824799,-0.247,0.846,2.034,0.412
22500,R4085,2.783231,-0.31,0.76,1.505,0.387
22520,R4085,5.699866,-0.537,0.909,1.41,0.763
22540,R4085,4.899872,-0.138,0.892,1.664,1.431
22654,R4085,2.774546,-0.718,1.06,1.413,0.321
22676,R4085,2.724948,-0.416,0.951,1.579,1.323
22852,R4085,2.725081,-0.549,1.025,2.006,0.257
22869,R4085,7.725012,-0.296,1.012,1.729,0.974
22895,R4085,2.825047,0.201,0.745,2.226,1.565
22911,R4085,5.099968,-0.402,-0.809,1.256,0.07
22953,R4119,2.174528,1.635,1.496,2.258,-1.259
22968,R4119,2.824896,1.504,1.8,1.909,-0.379
22999,R4119,7.524555,1.504,1.8,1.909,-0.379
23182,R4119,2.474784,0.548,-0.374,0.082,-0.386
23201,R4119,5.150013,0.329,-1.307,-1.159,-0.228
23323,R4119,5.099912,1.398,0.398,2.229,-1.032
23347,R4119,7.274748,-0.544,0.775,-0.148,-0.969
23365,R4119,2.524759,-0.585,1.08,-0.032,-1.776
23415,R4119,2.474561,1.367,0.888,1.181,-0.787
23430,R4119,2.924986,-0.068,-1.022,-0.602,-0.043
23449,R4119,2.674743,0.858,0.729,0.411,-0.366
24166,R4662,7.424457,0.174,-1.08,-0.156,1.197
24181,R4662,2.524881,-0.69,-0.558,0.696,0.489
24196,R4662,2.774977,1.19,-0.517,0.272,0.667
24213,R4662,8.024509,0.651,-0.396,0.102,0.527
24231,R4662,2.575088,0.159,-0.268,0.298,0.634
24357,R4662,2.574664,0.718,0.216,-0.531,-0.684
24372,R4662,2.374802,0.531,0.111,-0.517,-0.959
24390,R4662,2.424768,-0.455,-0.05,0.241,0.507
24405,R4662,2.433011,-0.12,0.831,-0.07,-1.221
24422,R4662,7.924899,0.374,0.269,-0.849,-1.247
24466,R4662,2.374487,-0.189,0.255,-0.572,0.322
24495,R4662,7.22472,-0.638,0.566,0.876,-0.748
24510,R4662,2.924866,-0.891,-0.624,0.114,-0.314
24708,R4662,2.825098,0.097,0.05,0.386,-0.122
24723,R4662,2.775035,-0.356,0.522,0.547,-0.024
24833,R4530,2.375035,-0.471,-0.322,-0.553,0.751
24858,R4530,5.51681,-0.295,-0.041,-0.128,1.342
24877,R4530,5.449791,0.421,-0.861,-0.09,0.875
24978,R4530,2.575002,-0.352,0.578,-0.613,0.401
24999,R4530,5.350107,0.12,-0.883,0.075,1.788
25021,R4530,2.42495,-0.099,0.036,0.637,-1.031
25068,R4530,5.200014,0.001,0.009,0.003,-0.007
25084,R4530,5.349819,0.001,0.009,0.003,-0.007
25103,R4530,2.474613,0.001,0.009,0.003,-0.007
25125,R4530,2.174485,0.001,0.009,0.003,-0.007
25221,R4530,2.524596,0.389,-0.208,0.483,0.911
25236,R4530,2.174491,0.495,0.906,0.521,0.614
25262,R4530,4.999541,0.287,-0.019,0.415,2.661
25369,R4487,2.374593,1.074,-1.98,-0.093,-0.674
25384,R4487,2.924957,0.906,-1.193,-1.524,-0.785
25403,R4487,5.149937,-0.179,-0.906,-0.113,-0.647
25427,R4487,5.200119,-0.052,-1.387,0.883,0.334
25572,R4487,5.149854,0.309,-1.89,0.195,-0.065
25588,R4487,5.549806,-0.212,-1.047,0.679,0.663
25618,R4487,5.249791,-1.087,-0.206,0.107,-0.855
25633,R4487,2.824969,0.038,-0.801,1.827,-0.312
25684,R4487,5.150006,-0.085,0.162,-0.185,-0.141
25700,R4487,5.149751,-1.268,-1.157,1.559,1.23
25715,R4487,2.524802,0.374,-0.742,0.086,-0.618
25873,R4487,2.525001,-0.974,0.063,1.243,-2.029
25892,R4487,2.524903,-1.34,-0.433,-1.532,-1.176
25908,R4487,5.149509,-1.121,-0.264,-0.252,-0.338
25929,R4487,6.974585,-1.066,-0.349,-0.323,1.297
26058,R4509,4.949798,-1.154,-0.636,0.467,-0.237
26076,R4509,2.525133,-1.177,-0.787,-0.174,0.247
26187,R4509,5.49972,-2.769,0.849,2.015,-2.478
26206,R4509,4.949608,-1.261,2.562,0.564,-0.718
26229,R4509,2.574909,-2.096,2.37,0.292,-1.284
26278,R4509,2.425002,-1.733,0,0.446,-1.932
26308,R4509,5.099532,-1.68,-1.243,-0.616,-1.064
26429,R4509,2.374857,-1.344,-0.854,-0.292,-1.236
26444,R4509,2.774632,-1.14,-0.691,0.418,-1.219
26466,R4509,5.299807,-1.233,0.9,0.161,-0.983
26578,R4169,5.499761,1.142,0.006,-0.285,-0.789
26594,R4169,5.149264,-0.424,0.691,0.052,0.135
26792,R4169,2.574851,-0.574,1.49,-1.171,-1.07
26808,R4169,5.299902,-0.788,-0.464,0.009,0.782
26829,R4169,5.500045,-0.589,-0.461,-0.89,-0.02
26879,R4169,2.725036,-0.672,0.445,-1.274,0.707
26900,R4169,7.974606,-0.55,0.412,-0.828,-1.353
26918,R4169,2.174751,-0.597,-0.217,-1.683,1.281
27094,R4169,2.574977,-1.022,0.29,-1.48,0.821
27109,R4169,2.52444,-1.014,0.572,-0.241,1.009
27131,R4169,2.274546,-0.481,0.257,-0.185,-0.368
27181,R4659,2.675008,1.007,0.134,1.036,-0.185
27198,R4659,8.07468,0.663,1.464,1.462,-0.298
27216,R4659,2.424759,0.184,0.096,0.812,0.185
27419,R4659,8.324643,-0.476,-0.155,-0.428,0.958
27445,R4659,2.624897,-0.386,0.47,-0.859,0.861
27567,R4659,7.62486,-0.54,0.487,-1.156,0.165
27595,R4659,5.44969,-0.402,-0.122,-0.264,0.514
27638,R4659,2.733193,-0.243,0.034,-1.378,0.931
27653,R4659,2.374494,-0.007,0.082,-1.431,0.621
27678,R4659,5.099813,-0.226,0.516,-1.033,0.261
27843,R4500,5.00002,1.605,0.282,-0.727,-0.537
27865,R4500,2.57491,-0.957,1.395,1.678,0.884
27880,R4500,2.624825,-0.668,-1.244,0.784,-0.901
27897,R4500,7.524516,-0.488,-0.295,0.75,1.732
27936,R4500,2.67478,0.992,-1.065,-1.367,0.997
27951,R4500,2.724951,0.927,-0.952,-0.95,0.143
27966,R4500,2.624832,-1.035,-0.41,-1.124,0.088
27994,R4500,8.324975,-2.129,0.774,0.399,-0.62
28094,R4500,2.674945,-0.454,-0.448,-1.239,1.376
28113,R4500,5.200008,-0.477,-2.696,-0.78,-0.275
28131,R4500,2.524939,-1.016,-1.086,-0.171,2.526
28325,R4500,3.999668,-1.886,0.171,1.462,-1.256
28340,R4500,2.775005,-2.66,1.187,-1.636,0.272
28405,R4235,2.475,1.248,0.073,-1.687,-0.283
28422,R4235,7.624684,1.248,0.073,-1.687,-0.283
28540,R4235,2.875042,1.438,0.334,-0.1,-0.208
28560,R4235,4.949758,1.248,0.073,-1.687,-0.283
28577,R4235,8.074921,0.14,-0.302,-0.019,0.693
28595,R4235,2.674865,1.248,0.073,-1.687,-0.283
28765,R4235,2.474428,2.152,-1.174,0.979,-0.335
28804,R4235,4.949985,2.141,-0.815,0.232,0.926
28907,R4235,2.274586,1.388,0.16,0.001,1.437
28930,R4235,5.049544,2.187,-0.754,-1.453,1.497
28954,R4235,2.575006,-0.235,0.751,-1.524,2.228
29012,R4678,5.14981,1,0.133,1.457,-0.981
29204,R4678,2.525049,-0.102,-1.937,1.321,0.525
29220,R4678,5.049875,-0.506,-0.849,-0.064,-1.286
29238,R4678,2.624745,-1.479,-0.364,-0.277,-0.366
29257,R4678,5.45023,-0.334,-0.451,1.146,-0.755
29357,R4678,2.825187,0.577,-0.68,-0.983,0.325
29372,R4678,2.274606,0.477,-0.996,0.053,-0.836
29387,R4678,2.674904,2.068,-0.456,-0.923,-0.12
29446,R4678,2.674684,1.92,-0.765,-0.922,-0.147
29475,R4678,2.274909,0.642,-0.691,0.742,1.607
29612,R4610,4.950037,-0.605,-2.663,-0.036,-0.041
29631,R4610,2.474875,-0.816,-0.589,0.538,-0.307
29757,R4610,2.474728,-1.346,-1.576,-0.253,0.357
29773,R4610,5.558121,-1.132,-1.413,-0.179,-0.056
29790,R4610,7.574412,-1.307,0.209,-0.323,0.395
29805,R4610,2.224551,-0.471,-1.266,-0.427,-0.067
29985,R4610,4.899781,-1.266,-0.947,-0.511,0.83
30001,R4610,5.249625,-0.624,-2.198,0.087,0.978
30100,R4610,2.625137,-1.333,-1.16,-0.423,1.784
30117,R4610,7.574477,-0.652,-0.874,0.121,-0.494
30132,R4610,2.525129,-0.971,-1.086,-0.244,-1.423
30148,R4610,5.399552,-1.291,0.156,-0.813,-1.379
30269,R4538,5.149612,0.001,0.009,0.003,-0.007
30289,R4538,2.424697,0.001,0.009,0.003,-0.007
30309,R4538,4.899855,0.001,0.009,0.003,-0.007
30437,R4538,5.199728,-1.094,0.842,0.969,1.31
30455,R4538,2.274983,-0.666,1.081,1.431,1.468
30507,R4538,5.650085,-0.886,-0.283,-1.537,-1.611
30527,R4538,2.174935,-1.37,1.213,-1.688,-2.79
30546,R4538,5.099962,-0.966,1.042,-0.116,-1.052
30694,R4538,2.474967,1.064,-0.558,-1.197,-1.628
30714,R4538,2.674939,-0.208,1.168,0.699,-0.175
30729,R4538,2.174679,-1.445,0.267,-0.288,-1.018
30744,R4538,2.17465,-1.23,0.205,0.115,1.28
30759,R4538,2.724701,-0.885,0.203,-1.404,-0.723
30805,R4519,2.525198,1.168,-0.328,1.497,0.177
30832,R4519,2.475043,0.686,-0.052,0.233,0.359
30848,R4519,5.299909,1.656,-1.025,0.142,1.579
30956,R4519,2.324523,0.485,0.282,-0.818,0.167
30973,R4519,7.725107,0.868,-1.096,0.679,0.504
31176,R4519,2.524774,0.235,1.628,-0.284,1.568
31194,R4519,2.874909,0.328,0.568,-0.091,-0.04
31212,R4519,2.824963,-0.801,0.63,0.443,-1.084
31329,R4519,2.775123,-1.54,1.521,-1.058,1.185
31344,R4519,2.324591,1.023,0.838,0.751,0.018
31360,R4519,5.199723,-0.382,0.779,1.361,0.567
31475,R4661,5.00004,0.556,-0.133,0.08,-0.679
31504,R4661,2.725169,-0.573,-0.359,-1.575,0.591
31519,R4661,2.675058,-0.576,-0.314,-1.234,-0.592
31568,R4661,2.474915,0.625,-0.146,0.768,-1.23
31588,R4661,5.149661,-0.975,0.071,-0.142,-1.093
31751,R4661,7.774555,-0.657,0.1,0.619,0.54
31766,R4661,2.775299,-0.307,-0.282,-0.118,1.174
31785,R4661,5.250017,-0.379,0.475,-0.573,-0.269
31805,R4661,2.174844,-0.234,-0.111,-0.16,-0.543
31821,R4661,5.14987,-1.172,0.549,-0.994,-1.005
31862,R4661,2.124432,-0.537,-0.282,0.032,0.09
31884,R4661,8.02456,-0.101,-0.216,-0.83,-0.119
31910,R4661,2.775133,0.261,0.856,0.705,-1.262
32017,R4544,2.675028,1.728,1.395,0.275,-0.25
32039,R4544,5.599923,1.534,-1.025,1.317,0.124
32055,R4544,4.900136,1.192,1.007,1.037,-0.601
32248,R4544,7.874827,0.329,0.405,0.527,-1.257
32263,R4544,2.724761,-1.397,-0.649,-1.9,-1.721
32326,R4544,2.424883,-0.299,0.757,2.153,-1.924
32342,R4544,5.149591,0.837,0.73,2,-0.707
32557,R4544,2.324775,-1.013,-0.069,0.117,-0.865
32572,R4544,2.274819,-0.66,0.095,-0.625,-0.632
32667,R4524,2.575167,0.259,0.76,0.72,-0.243
32682,R4524,2.574873,0.218,0.144,0.895,-0.629
32707,R4524,4.549575,-1.181,0.75,0.274,-0.525
32723,R4524,4.749801,-0.397,0.91,0.543,-1.367
32786,R4524,2.675178,0.166,0.001,0.537,-0.035
32801,R4524,2.174967,0.723,-0.432,0.472,0.914
32922,R4524,2.474722,-0.004,-0.305,0.328,0.52
32945,R4524,5.249679,-0.722,-0.549,0.899,0.034
32962,R4524,7.524667,-0.41,-0.794,0.461,0.078
33143,R4524,2.574929,-1.108,0.326,1.117,-0.313
33167,R4524,7.474744,0.322,2.126,1.081,-1.413
33223,R4132,7.124735,0.739,0.557,0.783,-0.79
33248,R4132,2.274853,1.707,0.46,0.973,-1.244
33263,R4132,2.374481,1.445,0.736,0.959,-0.87
33437,R4132,2.62503,1.408,0.07,1.024,-0.562
33455,R4132,2.374536,0.539,0.049,0.697,-0.534
33475,R4132,7.674649,-1.273,-0.106,0.448,-1.084
33526,R4132,2.725058,1.405,0.025,1.55,-0.678
33545,R4132,2.525135,1.317,0.197,0.463,-0.114
33564,R4132,2.574942,-0.187,0.413,0.745,0.409
33579,R4132,2.524772,-0.024,0.503,1.358,-0.205
33714,R4132,7.024446,-0.977,-0.359,-0.466,-0.618
33732,R4132,2.525258,-0.689,-0.639,0.636,0.515
33753,R4132,5.308545,-0.686,-0.691,0.194,-1.489
33769,R4132,5.099866,-0.363,-0.777,0.186,-1.35
33787,R4132,2.624702,0.086,-0.957,0.846,-0.786
33827,R4447,7.441152,1.517,-0.426,1.436,-0.043
33843,R4447,4.499894,0.701,0.435,1.164,0.275
33858,R4447,2.324595,-0.061,-0.833,1.046,0.52
33881,R4447,2.474809,-1.343,-1.526,-0.146,0.638
34042,R4447,2.725138,-1.519,0.364,-1.551,-2.27
34065,R4447,2.624699,-2.028,-0.003,-2.053,1.066
34080,R4447,2.224864,-1.61,-0.599,-1.201,1.091
34171,R4447,5.199718,-1.871,0.639,1.519,1.486
34191,R4447,4.849572,-0.99,-1.533,1.097,-0.15
34209,R4447,2.925306,-0.841,-1.638,0.702,0.688
34224,R4447,2.475008,-0.461,-0.847,0.412,0.569
34239,R4447,2.674922,-1.244,0.169,-1.98,-0.354
34281,R4447,2.524922,-0.812,-1.073,-1.557,0.539
34296,R4447,2.624733,-1.622,0.486,0.327,2.612
34312,R4447,5.549795,-1.382,-0.107,-1.532,0.334
34497,R4268,8.024683,0.55,0.526,-1.373,-1.838
34522,R4268,2.42487,0.477,0.439,-1.603,-0.147
34542,R4268,8.224928,0.082,0.273,-1.197,-1.131
34646,R4268,7.874649,0.909,-0.025,-1.282,0.083
34663,R4268,7.674847,-0.055,0.06,0.679,-1.177
34692,R4268,2.47493,0.368,-0.451,-1.295,-0.611
34733,R4268,7.724508,0.866,0.237,-1.162,-0.99
34768,R4268,5.049417,0.471,1.202,-1.569,-1.41
34891,R4268,2.574921,0.099,0.743,-2.141,-2.169
34915,R4268,5.550026,0.508,-0.36,-1.729,0.271
35034,R4255,4.831953,0.621,1.305,0.678,0.81
35058,R4255,7.485244,0.793,1.186,0.618,1.327
35080,R4255,2.528508,0.893,1.661,0.158,0.017
35187,R4255,2.528523,0.104,0.274,-0.699,0.84
35215,R4255,2.728817,0.668,0.428,0.811,1.665
35396,R4255,2.578392,0.021,1.416,1.579,0.934
35419,R4255,2.828871,-0.212,0.452,0.865,2.006
35436,R4255,7.735573,-1.704,1.494,0.276,1.467
35579,R4255,5.056936,-1.12,0.971,0.77,1.231
35595,R4255,5.056973,-1.734,0.537,-1.127,1.399
35688,R4258,2.778847,1.574,-1.554,0.951,-0.709
35710,R4258,2.478439,1.607,-1.346,1.326,-0.712
35727,R4258,7.735968,1.307,-1.604,0.757,-1.421
35745,R4258,2.778809,1.621,-0.895,0.223,-1.506
35872,R4258,4.956829,1.634,-1.512,2.007,-0.8
35891,R4258,2.578481,1.634,-1.512,2.007,-0.8
35939,R4258,2.486682,1.574,-1.554,0.951,-0.709
35956,R4258,8.136155,0.9,-1.304,0.665,-1.486
35978,R4258,2.520648,1.075,-1.767,-0.186,-0.748
35994,R4258,5.006912,0.598,-1.014,0.457,-2.274
36104,R4258,4.664952,1.031,-0.933,1.592,-2.376
36126,R4258,4.606454,0.603,-0.523,1.696,-2.6
36307,R4497,7.526921,0.285,-0.206,-1.233,-0.513
36322,R4497,2.728665,-0.488,-1.099,-1.3,-1.194
36354,R4497,4.598553,0.588,0.167,-0.295,-0.484
36392,R4497,2.52853,1.152,-0.328,-1.395,-0.167
36407,R4497,2.728655,-0.71,0.327,-0.967,-1.353
36437,R4497,5.098757,-1.229,0.289,-1.356,0.183
36547,R4497,5.157231,0.773,-1.375,-0.806,-0.088
36574,R4497,5.649415,-0.984,0.092,-0.008,1.361
36590,R4497,5.107165,-1.212,0.186,-0.578,-0.272
36764,R4497,4.906666,0.624,-0.538,0.217,0.778
36791,R4497,2.528473,-0.907,-0.656,-0.662,0.54
36806,R4497,2.378239,-0.418,-1.07,-0.403,-0.67
